0,XIRNESSAXEIRFFXNFESAEGCLCRELEFRRIEEEXMRU,5076
1,SSSSSBSNRTEBMBKJDIUESPDSSODNNXNUDNKDPVNU,5077
2,FFAFFEFFFEOENFAGHMMFLFSOFALFSQRQVFICXMFG,5116
3,IHIMNSLJMLSIIJMMVLSVINECLYMAVIJLAAICFSIS,5072
4,KCKKKKKGDHXKLQKQTMRRLTHFQRQEITPKLMPKQNRK,5084
5,DQXBDXXWOXDXISRDXDMTBNMDOSCXAPEXDBECWTCW,5063
6,PBTPPEPGTLPLLBYNGIDEGTPKYKPVNIMIELMQYQMY,5050
7,TTYYYAETDYCQNWTYVVWTRQVQTYDYQRRYDYTTYYHX,5114
8,ISSDUSUMIJMMDECEFOJSUKSTJSDDMWMDLCLILNXW,5046
9,LLLGNRLLLXHRDLGLGDQHCGQBLEHGVDNGYLQMYGDY,5087
10,NNJMNNNJNJOVUONNNJKEJRNLNFHSVNDJNUQLPKTJ,5111
11,UYSIYUDOTHUSIIIUBSPYUIMFXSKUIHJDNSTIGGLA,5040
12,AQQGQQQGGAQUQPPRQAWQBQPPXKQWRTYQBEAYKGDJ,5096
13,XHCXHWCCJCWJEXXDHWXIACMWGCCCCWHWLOJIQCCC,5118
14,OOROGOOCNOCVLXUSFEJLCEERCSNRXPRUXEGCANOR,5056
15,QCCMCMCCMQMORIMIIQNMLADCIQMMEFLWMCNCRWDC,5103
16,ATAATBQQIAOKPANIAJIJPAIILAAIGOMIJKAARBRB,5101
17,IIISBIBLSMUDQIBGGRDMBUOOXLELITIBOBJIFBUG,5058
18,KJDIKJDDIKXIJBJSRUBJBWIISIRWRQWGAHIIYHOE,5057
19,TTJJHUPJMNWXWPXPNJFJPCSXJINLJESJTQSGUGIV,5031
20,LCLCNGVVWCICCCJIRDWGRYKLCNRNIIPIVRCWYJGV,5070
21,FFFFFCJFFBFJVFFAFNCBFAKPJFTBFFFFFPXACFWD,5240
22,KCCCRWRRKXKCXCPCXWCVCVYCPMVRFPBTXPCACEUT,5081
23,IVUVULIUFIVUIINBIUINNLJNUNRIRFUVBVIJUHRU,5114
24,NNNNWCNNTJTVNVBNTBPHTBNEXAJJNAWNBJFNSEHW,5098
25,RJJRAQUUUQJASSMSXQUAEEPETTAPGESREAPRQKSG,5055
26,MLLOPSUGGARIMLGULLFKKGYVKSMMHIMSLFQYSGGB,5049
27,DDDDEXADDAFOHFSNFADRXYALKYNBRXOHOGRERXYK,5068
28,RRRXWWLRRJTWIXRLSSXRIOSCOKCRLADHOXWKOOKO,5074
29,PPSLSSPEEYHJSNKUJUDJPWIHJUBPCKHLTASHJSSP,5057
30,KITTTTHTKTNHMRTMTIKMTTKTPKRHYTTLPWFWTWOK,5130
31,CCCCCECCEHCDCHTCCHHTCUCCCHCPGTPJUCCUCBOP,5257
32,WNLYNNQPNVNYPLGTJNPNUDDNWGDIYSPNSUGDPSYP,5071
33,LWWRYRLRWXYFXYWRFXMWFLSYLMWLYMWSSLWPRWES,5099
34,KKKTEGQLEGEDEQOLPPDGPAAADLTLAPGAAUDQLGVE,5069
35,RQRRGRWARDRRRMRRVVVPIRCVYRHRRPIHRSMRIPUR,5155
36,NNNNNSNNQSVNONNGOINNNBYOKQINOIUKRNFLIKVN,5174
37,CCCQPQCTACGQADAKUQQEEAUBAGRQXQVGQPYQIEXG,5057
38,NQNCIKQNDQNKNKVINWNNNHFUCKUXDNQNIKVKINNI,5136
39,QQQQQQQQWGTHVHQROQQQGQHGBQQBQVBEVVRGBKTC,5211
40,VVVLFHHEVVVEHVVVHTHNQUVVBVMQBYRBTULVHVBV,5159
41,XKXGXXXKKXXXXKXDTKXAWAXWWKBOMQDXBVKTVTKD,5144
42,MBAMAMMAVMVJAJBVBJJDSVSAMMAVDBAKAMJMMBKB,5139
43,FJWFGBUEMEBFFLCEMKWEFOGFEPBWABEOUAADGWAE,5050
44,LPPBLGGLGGCPPPLEJGPEGREREQGJGEBJKGJLUGGV,5109
45,QQQQQQGQQGRGGGOQXQPGBNGBBSORGPPNBKGOTQDO,5141
46,VOVLVOTOSVOVOLDVWVDVDFIVVLMPLVGOVDYOVVVC,5156
47,OGOOQOPGOGOELOOOOQGOKQNLEOFNGOGOEFUAKOYA,5168
48,EEEEEEREWEEPEIRHECRCTEAWCWESXSTDUEPSPEOE,5157
49,VYSFFYVYUOVJFVOAKDISNANSYOTSVOVDMSGVVEJV,5056
50,BBBBLBNVBEBOUHNBNHHNCBNUBBAHBBWNBTYNBBWN,5183
51,FMMJTTWFBFXTMMWEWQQMQEECFVHWXMJWHWFFCEQF,5074
52,NFNNGGUKKLKUWKKJNNUUKTUVKNGGGNDWGNGVAUOB,5092
53,NEDEGEPEAEMEGPQEHXRENOISPGLPEOSPPRAESEED,5092
54,IFVCFODSISSIISAJWSWVIADIADKVCWARLLSALJJK,5068
55,OYYOQJRSJYDDDBSSJJODBYRRSYYDYDAOBIBBOOEY,5092
56,IIIIPIIIEIQISEIEJUQIWIJIQQOYEIWQFJAJGQHQ,5138
57,UUUOEEUUOUKUUUUHOUPSBGCVKOUUQRUIUSBRBUFQ,5159
58,SSICSYSSUMOYWOUCBTSMSUHIISEBSCASBBBSBNBB,5098
59,ETIULQKDQEYOEPOMKMMEMMDEBDCEIDEXEWLMMQVE,5057
60,LCCBRRSLCIGFSCQSBQUOQKPCEBLRSDCKLBPRFYLR,5045
61,UDYUNFMNVGGFTHGNMVDYMYJVVTFIRFFRFDVGRTRH,5055
62,NQQNQQUOUOECQETDUNNUUDGUMUNUUEXFMHUEYSUM,5091
63,FFFFFWFGWWFSFJAFFWFGAFLYRTTGFTUJKFGTWFRI,5159
64,WWOBWWVBOWLWLWWBAUESBALJOAKMEIWPXUAWWEBA,5088
65,SGXPVCSSGIVSNHXCCXISWCAILCSCPBLLLNNBXLAX,5062
66,DTNDTBNDUNNINLFDIKIINTQULBSDBSINIUAINNTW,5096
67,EJIIJEJJEJJJJJJJOJEQQPJJJJJIRJKABYJIJYVJ,5308
68,ASSSSSSBSAALSNSUNNTJNSSSSAVOSTIFTSNBKSMS,5188
69,LLLLMQLLLLLLIXLXILLXLLLALLELMRLLRQLLLXLL,5491
70,ENNNNGKSNNNGNNNSNNPOCNXINEUSNXSNNDDSXNHX,5217
71,FDFHDFDRCFIIRFCSRSERRTLAHAYREFAFTEJBDXXS,5050
72,VIIAWVVQINAAMVQASWSMVFMYVVLNPNIVFTANQCAI,5066
73,JJKKKKJFYFNJJJKFVLKJVOFVVKDDJFNOOOYVQANY,5105
74,AWAWHHVHYWWAAVMIWRVUAXWUAPAVBTVWXPPAGWPK,5073
75,DEEIUEOIVWIDDIIIEDDNIUYEFXSHBYFBDERYHIEU,5070
76,SSSSSSSSSSSPFSFFSSLACOSSURDRSXSXBFXXPWWL,5281
77,SNSARRSKOANTOSVBRVNYRNABTAQRTRHSSTTGSARE,5063
78,GFLCPPCWGCBGBPLBTVYDYPGCGPPNBBRHIVCJTRBY,5045
79,VVYNDVYFDVDNRXYVVVVOYVVXQNDVPDDWNVMVKPVP,5140
80,XXXFXSTXXNXEHETCAXLEXXXUEAXCTVPPKSEDSXAF,5101
81,HHPNTGRHMGQGTSQRWRLRVPTQVRUYGQQVQMGHMSHB,5053
82,OOHNOOTHOUNORTHODRLYYIQITBUTHRNRXGTNFLYA,5056
83,CFFCCCFXXXCLFYXVAXFCAYXRUDXCTCCCCCCNKUCX,5163
84,DDDDBSEGEDEKVLTLOSTHMBDDFDEVVUHMHPKDBPGB,5072
85,PPORPPOBOLOAVPLWOFVCCPRGBPRPPCBWQPRONQAO,5092
86,IIIIHMIISSEEWGGRRIISDSDESKINMDVELBKSSMBK,5092
87,DDDIQSFDPMXSPXEBPPWPPASMSMRSLPMCPQIPLGYA,5055
88,RIRMYBFYYEYVNIGUIBPFYYYCYWIXWABPFGABXINB,5062
89,NOKOKUKVGUUXCKONBVEXKLUTKAGOLLKCXAUROEKN,5058
90,DDDDVGJXDYDDSADLRDDKDDDCJXDRKLSDWXDBPHRN,5146
91,QQNNGQMSGDNCQMQGGVWGMSVVGGGQDDQDJKAJMMXG,5085
92,WKKKGFIKPKFDKFPKKUFKDBILBDLABDKFFFCGDCDA,5106
93,LLLLFLLLLLCLCYKNLSFHQLOYLXWNTLTOQABLIYFJ,5129
94,JIQQJJJJKQJQQJCDNWJJKJNJJJHPWJNQNQBOJWNI,5172
95,IWYTYSWTWSWTYSYWWWUFEIQESVEWNINUCYIUATTT,5077
96,DFJJFUGWEJYFKHFJFJWFFMQJNBPBNFJFVEUCJFFY,5090
97,HHUSUIAPIHHJHDHHVRJRTXYRGQIYRSRYEWWEGXHR,5049
98,LGGGDVBIXBOOBFYYTWMEDRGICIAOOVMDISGBCHYS,5022
99,LNEWEENNEVNEVOWVEUGTTEQCYVHNEJOOBTFMMLKQ,5045
100,JSSJJLSMJJJDKLJDSSJGJHMPSDDSJNWJFPPPDXXH,5107
101,FMQMMMUMCRRQMBTBMCMUBUMQCQOUMGUOKSCCUACU,5101
102,EEEESEESEEEJNPPSUHUPWBEGSJQSEADWBEPJNPWA,5133
103,LSWSLALSLLTLRNWPLLWLRVLDVTSLPRLSLILIGVBS,5129
104,NXWXQHVXCXVNHPGICHVCTWOPXVXCTXDDVDDWBQXX,5074
105,ICMCHAMFCAMSGHYVMYTCCCCHRAREACAARBKAVYAX,5071
106,AWFWWAWSWBWYWBTQWGVWMWXUWJXUWXWBBMBXWVWW,5150
107,OOONOOQNTEEONLONOVEYOESCOIAYYJOVOYOBYPOE,5119
108,TFFFFOTFBKFKFPRJONFJTIRFRFFQIBFMAXFFBKFE,5141
109,VUIMGUIPIBUEWPMILBPPPIPMIAPAPFWHUXLURFIU,5077
110,GUUUGGAUPAJTUJLHPMEQJQPCGPULVWACCGUUKCGR,5059
111,TTEQQDMHQTEWMEMQBDDUMBOTOBBDOTDDCMTBIMED,5077
112,QBQTQQJQQQGQNQRQQBQWGQQQGQGNQROBCQTDQUMN,5212
113,XHHKCWWUUHXMHUHRKHCFHRJICHVHWMUIHHUWKHHV,5119
114,OOOOYOOMOOMYQOQDVXOVAXFONQOPBLOWUXJOJDFL,5112
115,MSXSMXMJBJXBXXXPIEXXUHDJXDPABJWAWJWGMIPS,5070
116,EWWWSWKAWWMNKEPPWWKKKOHTEPPHWKEOWESWLWTU,5119
117,SGSISYXSYSEIYISGSSGVMSXESGFSGKFGGSKSXISS,5170
118,IIRCCVCUIREEVXIIRIIETVIVXECNNXEVVHRQOOAV,5084
119,AABAAAVAABRAVMAQAAXVYAFUYMYABBMXEADOPBVE,5125
120,RRRIBILLIOROIOPOUJLJXOGRQJPLRCRRIMXOROSL,5087
121,CGYGYEOOOOIOOOYLRCYCIRIOOKOVWXKXKWOSKFOX,5108
122,LLVWVEVVEVEYLWLWBODVVGLMGELEKVLJLTEEOVVO,5101
123,AAAEAAAGAALFASABFAAGDLEEWTJNAALGCEGWDEEG,5154
124,NNNNJNONWYNOPEOXDFEAAVIVEOQVAJJNXUJHTNQH,5057
125,UIIIIIACJIIKSBIIFNUCWGPEJKUSSICLSXVISNCC,5083
126,YYYYYYGIYYYYNUYYSYYYYYOYIWVEBYYIKIYPEKWV,5321
127,SHXHNHNNNRNHNBNRUSUKUCCXUMYJNNNNCNWNNNUN,5166
128,YYOYYYBNUYYNMFPGYRWWYABMJHRGQRWYHNYOSOBH,5076
129,KCKKKKSGYKLWOEYJKDHYYIIYBDYPONIGYHAAOYUU,5049
130,OWIIIRWOWWENETFWKISSWETEIOEWWWOJWWWWWOLI,5164
131,PBPPPRPVELBRRPCRBVENWRRWSEEOMARLVMQEWCVO,5062
132,CCCCCCCQLQIKUUJCCKNLQAUUICCQKLLCXQJCOCQK,5186
133,JJUJJUAHJXJCTUTAXUFUXVYTEFLMIJUAQUWUDYIE,5055
134,WWMCWQVGIQEWQNIFNKRVIRVYUYQQPWWQNWBYWGRI,5057
135,QNTRSBOTBOUSGTNVMMBTTTTMQVLABTDDMWQTAMMR,5072
136,FFUUSUUYAGQRSPGHFGJDGIDAGSIUSIDTGGUHMADF,5058
137,GGGGGVGGGGXGGGGGUOEGGGEAMGOGXXNGAXPDGXDX,5311
138,OOOOXXNOLRDHSROXIRURRWQNJNRQLRSISYTSWRNU,5063
139,UUOOOUONUOUUNUUOOFCROROTHUORXCOKTUUPNUDU,5170
140,XVVVVVEVPVVVVSVJVTQKVWKVVVVKDWVDFVVVVNNY,5306
141,CCRKRAIRRXCXXRYESCCSHCJERJELYYLLRYOYSLTC,5061
142,JJCRYCNUHAYHUECHNRLKAOBFHHYKBOFJUCOLHUSH,5044
143,IIIIIEIIIIIICEKEXARXTIGIEMFEMEHRAXXWXIIM,5184
144,YYYVYRCYYACAVYOYYYEVSYSYYYEVSLYAFYYVSEMU,5202
145,MMMMMMDRGMRRGBWRYHDMMWBRMMIMYGXYYFKYGXRG,5143
146,UQAYEYNEYYLBLVRBIUVKEDKQRVNMKRSKBRNHLTRP,5023
147,JYHEPIEHPEWYIEFNAEQCDMYABWPPBYHHPAHPATGA,5047
148,YLLRYVYURSLVLRRHHUHWKVHYUYVYVYYAARYYWVYR,5119
149,PPPQCPQCTQCCCPTYPQSPQPPPGPOTCQKYBGHPHQOE,5131
150,QQQQQKPKQQQRAOKQQQQKKQAKQAXVHEQNMXHQKHHQ,5226
151,LLEQQLEVLLYQLYLMTOOLBOLOLFPOKBVVOTELQQOP,5107
152,GGGDUGDUDUDUUYDGDGWUUUXEJLDYOHKGDWBRGMXD,5109
153,OOOODOODFWDOGODDFBDIOWDDWFDKQDWQGUIONDIB,5146
154,PQPPTCPTJPUPJJYTFIAJQIJMMBCGCJQNKOVGAXWN,5028
155,UUUIUWIUYUSIUSWKFXIXSFWLLNSWHUUSXVXILKSV,5093
156,VCCCHOVCRCBCBBBYBGCYQVCWHCYFFVCNCCQPYSSC,5113
157,PPPPPLCBPPEPPCPQPPSGEDSXPPGIMDPOTOPPPMUP,5220
158,NNLQSQQNLYYRHUNNUNNRNUDQUDYTUYOPTNEQUUQY,5093
159,CXCUYUHCCHHCGHUUPYXYHHYLXHUPUPOUIGCMYBCC,5092
160,TTWWTXTPUPWQTUXWWTXWYPNNNCQVQTUCLWNEXWNX,5093
161,CCCCXXCCCXYCKAWXCICJCCCWTQYIQCQQUQYWIKCJ,5168
162,OOOOLMODUUUMRUUKEITQKCUUUFOBFUTKUBUPTHUU,5111
163,PAPBBSATBBBTAAHAHHHAHSBBTCOXHIVABBBARAAH,5149
164,YUUOOOSBQOYMOYYAUOQDSUUKUUUFNOYEOIVSYQVU,5086
165,QOQQEQQDRYQQQXJDSIESLNPQSYYWJFEETNLPDDJS,5055
166,GGGGFGFFGFJGGGGBVJYRDEDVFFEJEFUJVFEPDGYO,5131
167,TPTYEWMBPYSPTKBKLWECSEDYTWYESMSJSMLTKLTL,5064
168,CAUAAQXDQCAGYUQXCKQAPSXUUQCHCWPCCITTLASX,5057
169,RRRRRRFRSERFCRCJRPRRCRJJWRFFNJOFOCCHLTWF,5148
170,IIRWIIUONEEOKJEUVLHRVERFFQBENYHSGUQORRAK,5021
171,VVVFFQFJFYVGFNYNXYKGQBYNGNNNYLLNLJFQABCO,5068
172,VVVVVUYVBUTTJJCVFOVUJHBOEVEFEQVVSEVAUVUX,5113
173,KPKKDPPYCOKLICCIKARGGYHGPRPPKUIXQJJQJKCQ,5047
174,CCCCCCCCCSCGFPCFCQUTCFFDFIHFCCBTCCXCKFRM,5237
175,FFFXFFFFFIFFFSEFBFIFXFFOIEEIOIFIFRJFEVIF,5281
176,FFFDFDFFQFDFFWDVIAFOFWFDAFUWNFFFDSIYFAFT,5210
177,YYGYYXEXGMYFFECVHGKFGXFFFNNXSXHGPXIEFXXE,5075
178,XWWWWWXHJHWWHHSWWWIBNWVWSWOWWWXHAWRQCYRN,5186
179,LHLHPBYHYBNLBBOOLYEKNPGAPYMQNPHOLYLLCSGY,5055
180,OOOKHOHMQMTKAQNXHCHIONEMHOTNIMHHHNEAQXTJ,5077
181,GGNGKKGYGKDXMGGDMDDEDDGGSAMWMWGMDIKUGDML,5109
182,TPTTTPPRHTHRTPDRRRHPARTRKXOUPSECTOTQPTBR,5095
183,YYYYYVYLYLMYLJLAWLVWYCYHQNYLYJYYYOYJVQYW,5187
184,EQECQCHEFOOCUTJKIKOHOQCOQFBCIBVFOCCXOUOF,5069
185,QRRSSSVPRHEHRVFERUVEBRADSMVWULTTQBDVPPDD,5040
186,YOQQQBKQOQYQOBAQUQMKQXQULMGBGSYQOXYQAVMA,5105
187,TTSTRLSSTEUETVVVUTLAFTOWNSEQLLUBVKITTQVF,5055
188,ILLIKKKKKNYKKKNNDKLILIKYKKKDKEHYKFYNNLPK,5212
189,DCRQQPQQQDQQCOJQJQSEPQQTCVQPLPDQGNQEGTAV,5119
190,VVVVVVLVWVALQVVRGYLVVCVVLLWLRCVJNALUBWLJ,5186
191,MLLWWQJQQJQQQLQLLWLLTQQGQLIMWQQQESQUQEXD,5176
192,ETWTEWWNWRCBDDGTAWEDWMOBXWMDTUWUGGGDYPHL,5039
193,BVFVFLTVVCCGVJCLHFGVLFHLSCLJTJJVTQFVCVCH,5092
194,CCYECHSCOPSCQPCSCOCCHVQCCSRJCEJSSJRHPFMV,5106
195,SSMLMSKMGHLBGGYSCYLMMORLOKYKSIOARGKISKOI,5054
196,XWWNXLSRANLLXLLLNVLLWWTRLSOSWXNXMLTNSWLW,5121
197,IIIRICGIIGIYVSGCGLGGUCTYJGRQOIUCGICKYQGK,5097
198,BDJPDDJIJJIEIJFDDQJJGRPDITJQDQBIVTOTDBBI,5093
199,PWPPPPPKPWNPNNGVKPIIRHNWANDJQNPPVMGINXPH,5108
200,YFWYYYDCYDFMDFCDCNOLOVLNYJCCNQCLOLOBWQNF,5074
201,JJJHUJJCJSGJGJGGGAGUHDUSGPXGWGSDRFGNJGAP,5109
202,PPPPYPPYYHPSSTYYFCSPMMYDYYERYPMPPMOCVWHR,5122
203,KKKQEIQQEMKHKKHECOKKWMHWQEQEGECXLGLTYOPK,5082
204,WYYYWYKYYXUYYBTUNUBIBUVTLIYFUGKYFJLVVNWA,5078
205,UUUUSIUDUUIDUDOLWPQUXMSIDUXUQJQAWUUYOLPN,5121
206,XXXXDXHGDDCXXHHXXWGXWNHVVVXHGLXXUHHHHFHF,5176
207,TTVVOVVNVNVVTNGNTGONNNLJDGBEVNTHJMNGBIMS,5096
208,DCDRDSDDHTRRPRMOOPKOWDLNXONXTXTDDDTDORTY,5076
209,JGOOMAOXSHKYSTKKXYQTIYXSOYMSDMCTNXEYYMQC,5033
210,OXBXXOBBBXXXWVWXXYLLTQHXOHCBUPTFXNBQXHSB,5085
211,HHHQWWGIHPOOHQVSINWSUDAHWSHOWVEOSSLIHHKG,5063
212,WHHGMRGMWCHRHURRHIAGIRMWMORPHOHGHMMRKEOV,5075
213,XXAXXLJOXNXLXXEMXNXRXFFEYFRTXRRAXXAFFFXX,5174
214,EBESSECSESREEEEBSUSKQKSEVSREEESEPQSEDEFB,5187
215,NNNNWRNVNNGXTNWMXLCNWYCDIXLKKASCBMLWGENQ,5059
216,QQQAQQYQIQSSAQABCQSBYQKKQQQSQQBTYUIOSCBY,5164
217,IIWGGCBXIYIYRIYIFOTTAGLIYLIXPYLACWLIIHXF,5083
218,EYEEEEETETEIDENSFOVNEFESYEOHGSQECTLDTYOP,5101
219,WWJPAAWXVPGWWPSCPHWUQFJXWPAWJUQAUXRJUPJA,5076
220,HHHKJHKKHHKHXMUMKXHGFILUVHHVKUVVISBHVLGH,5114
221,JEMSSJTMGAVBJYSYQYAQDAAAAAVDTNRKXELDXVYJ,5049
222,DPLBGGKPDMBSPSSXGSDUPSPPBWPPYYBYPYOPYKSD,5089
223,EFTEERYUJHFEFEJFJKUTXNTEPTEPLEFPRFUFDKPE,5079
224,NCHNNINVNNRVYDGPNNCXDRVYJHTFHRLAXDDDUVSA,5053
225,OOMMMMTOJOSSJOSOISUSKJJURUUGEWGVMMSOQPPO,5073
226,MHHHLHMJMQMPHHMHHHGHPQLQHDJHHHJUHFJGNPHH,5195
227,RRSRRRVRRURPSLSRVBPRQRRNPSKPSBSSNBVSRWSV,5146
228,BBBEBBIAACIBRRHRPABIXICBWXHXXXBXIIKHMQAI,5084
229,RFUJRRNYJNWURVYIICIFYUSNOUIOICOSRXYAIKGI,5040
230,TKTTRTWIOYTTTECKYILOBBKGYPXEQDCDDAIBEWFO,5030
231,DLHALAFHHMFPDSIILHTHHFFHHAPRTFBNHYFFINHF,5097
232,BBBSSASVSPSSSVBBWCPKUGSMJJSRRESGREXRWSPP,5087
233,AABRDJILFBBJYBBQIVFLSECCFVJVNFEAGCQLAQHF,5028
234,LFSQSBLWXGWXSWLXALRFPWPAAVAIPPAYGAPAAFFW,5063
235,TTHTDHOTTTTMHHTDQODTTTHFUTPDHOBHQWDDGBXQ,5130
236,RAAAAAURRRACRXRYCCUCBXAAAALBAEMRURRORBBM,5150
237,OYEOYMRMXYYXEXTMMRROMMJMKWJMCCERYMNXRMUO,5086
238,CQQQQQQQHANAHQTQQQBQNQQJHPJHOKDQBQQCDFYH,5214
239,YYDDXDYHAHHDHWRXXDWXPIWXHHXHPYOHUJXSMHBO,5070
240,XXXXXNXXQXBNXXXXYIIKNXXXXMIJIIXJNQNXXDJK,5269
241,YYYPYYDHYKHPKFWVIDWYAOCTAYDYGKQDOOYYNONA,5072
242,JJJUJLXFLLGVSJHCJYBJDDBLVSJDYRHBQRUNWMLJ,5050
243,IIBNIINSNBANUXUAUNUBXNUNBGRUMNUONNAMGNJU,5108
244,SHHKGSSCHGCHSSSHMHMKKSSHSDVVSSIOQCSGNSSD,5154
245,JJJJLCJLLHJNJHXUDDQJPEPPINSJQCJLLFPSUUMU,5079
246,QDLLJLIIQJCXWTOAWQWXAPCLAYDJRJCOATLDLPJS,5048
247,RRQELRQEQRGCORQFFUNQKQRORUQQQWKLCEPQNIPC,5087
248,SSSSSFFSDOSISSSSITSQSISSQFSBOACUFPMOSVTF,5194
249,WBXGMPPPPXXHOJAOPKBUBIXBPBOETIJJOPGEVSQI,5038
250,HHAHTTAHEHYAPNHTBBCHYYDGHFBSHATDTTTMAWAT,5086
251,EEEBHELMOEBEEBFKEHEGECDEYEGSIBCISEEFSEDI,5135
252,QXXGOQQOGQOPPGQROOXQXMQQBOTWGOCRVQEOOPQB,5107
253,IIIEIIIOEHIHIIMINHNSOIDHORIIIIGKHBJVIICI,5191
254,EYYEYYYFYNWMYYTYWYIIIHYIIYFYYWUNSAYIYYYH,5218
255,OVOFOOVVGGVGQNOVFVQNFOFFODPFFQMYAMULIOGQ,5088
256,FFCXXCFHHTCFHOHOHASCHGRMXHCXLTFGHXFHGFDL,5090
257,PPPPBPPMBHMDBGRPPPJFIDPPPMPQQDFXLORHNFPI,5132
258,KRWKRRDBSHCWRBJVSURBSCVKBKRKVSBRSELAAGAV,5059
259,TTTXTTPTSTTRJRPTTTTLTUTHFXRXIKHTXLTXCYVX,5160
260,NVVONJWHWWBBWBVFFFHYWBQBFSBMWEEWFJBEQEAF,5065
261,DNSUTOTFMFUUPPSSKIGKFGSSUFETUUGSSUFGXITW,5073
262,QQEEEEQEEYYTKQYMDKEQXYPTWEKSGWWEFSPFPIEQ,5089
263,PPWSPEPEEEMYEPPRPMPPEPHPNETHEQSPEMESBHJP,5143
264,VTOYYOYRJOWYAVJQJRJRVRKAJNATAYJORSVCRXHA,5055
265,EROYYOREOEMMYSYMFOTMRMLGYYVQOVFQMNPEMUCL,5047
266,TTTTLYLTYDATLTATESEQPUTOAYTTKLQPLIHITKPD,5105
267,XXYFFFYAXTXXXGYTYFOCXYHYTSXYFHJOXSYOFYXV,5118
268,IIIVIVMVNYVTVITARYDIVVVKNTVMTMOHRHIDMNKU,5089
269,DDQDDDDDDDHJDDDWDBWPWDQIRRDWMFPYDIDCJPPD,5221
270,PPKPOKPMPOPJKLLJPNLOQTTYITAGYOLPTOPOLXPT,5086
271,UBBCCFECCJFUCCCECKFMQFBBKBUEKCEQCRBFVCNS,5097
272,KKKKKKKKKKQUKUKKKKXNEKKAKGKXKOQKKYEKXOEN,5405
273,FCFSCFFFJFHWYUCFAFAQWPAKRUMHBLSCFHFHCBFL,5086
274,KKPKJDDKLPGPXPDYPDHXRUKPVPVPPPJKDDGDVMDU,5099
275,VVUUUXUXXVVUYVXKYWEVVVIFUNNBBVBUILKCKIBR,5082
276,HHHRVXHAHCERYAYDXYJXIEEICCHEHLDILUDIYXUM,5052
277,VFVVVVEVWFWWFFVVSWQFPFMVERBFTGVFNFSFQVJS,5115
278,DDDDDDDDGBDDHGPBPHHAQHEDDDIHWOCUHRLBODMD,5177
279,EIUIEITTTXTANWCWTTITXWDXEWFIMPIWTXNMUISM,5081
280,EYEYEYEEEYYXSVHYUQDSWEABVEEYIKUIYEVAYYYK,5132
281,IIITCILCICTTIMSKITNTKIKCDIMITCMVDTRPRIVL,5107
282,NNNBNNCFFNFSDLNFNFFSDNMCNSSDCCBOLTYDGPLF,5099
283,PLPLLLWLOHQWLLVGCPLLLOGTQQPOTOSKHLTWYQWW,5105
284,FBBDBSXBSBRFBFBBBTFBBVFHBBEBQQRBRYBBBGDB,5215
285,SMSSIKSGRKTHHCBSIKWKJSQJFHSBSODQBSHKPBXI,5049
286,WXDDUDWWSPTWPASDUTSCTRCSTEWTSKUQSSVPLCBP,5043
287,GGGKGGGGXGGSMMOXXKMJKGORSEXVUMXKAMMBGGXE,5133
288,KSHDDUSOPUUKUDADXOUEKUUPNPUSMUKAUKMMUQVF,5086
289,GFFMRWGMRWDNRLRMDGGDRQFQRINRLYMNWRNFQMDU,5078
290,EUUEUULLDLUUSHCYEURLUUUUKGUEYUYLYTTUHBGU,5153
291,KKYGKWBTLMTRSGTLKKLITYQTKYUYRSSYXKBNTXSP,5054
292,VAAVDAVUAHLXAKLJUAGVHHGMAOLHVAJLVSVAVSWJ,5084
293,AAVANQOAAURFUNUSFUYSAKYAEEFROKWNJFFUASSL,5058
294,LLLXNXSYLRGFPTNHGRPNKLVDQYLYFVVDNQQQVVVR,5059
295,TTTTPMTSTTQJSRTJJWTSTNTTTTQGOPHLJSOPOTVI,5150
296,VVETELEIQNHTGECHMHHNRUGNGQIHGNVIOPBFSTPB,5027
297,OOOOAOOBVOOVQGBTOTOTOOOPOGCSOOOVPPOTVOOT,5284
298,QSJQQOFJJSVEHLPJOLPIKILJILSQSAKLKNSSOKPH,5052
299,PGPGPPRWPNGGNGQWWWAOKIGOWMGGWQOQICONONMH,5079
300,SXSDGSGSXXSSLGXGGAGWSPESHWHBQDPWSXQPHLEG,5087
301,BIBBUUGGUBBBSKIBBWDWFUITRMWDSWUOBWUTWBEY,5087
302,NNNGYNWNYWWJWACITQYNUYNCSNKJQNGKNQNWMYNN,5115
303,AKKKKXJKQKKCKKXKEPKVKKKFDGKKKEKKTJXPKMKK,5294
304,TETTTBNTBTTLXGDFKTQLDNDDEQACTGQTDTATDRNP,5089
305,XXVJIWIIWVJVSHLJJVVFHHGVLGHBNIHIVMTMJBBN,5063
306,PPPRPLMPPAPGPQGIPXSMDGPLORRPWWQLSPPRTIXJ,5107
307,VVVPYMMPVGCXLUUXBBSBPXVFXUKLVMCRXOBCXNRM,5041
308,JHHHHHTNNBXWQFHUKHHUJXUHTNXDEHJHNXJAHOIQ,5102
309,UUFQQQLJLQMQXJXOQQJFXFRCKOFODCLQOANFDVQL,5064
310,RRBBJBSUUUSMWRRUKIXAYUHHBHCYKQCJPFUBBRKX,5042
311,YXYYYYLRYLGQSYXGYHGRHGUWYYYPYMBRILLVGYMW,5115
312,LLLLLBLLLLNOKLOYLILLLOGNELEIELNINIDLNGLL,5257
313,JJJJJEPXNJQJHDNQMDJXDJJAKWXMEJDEJBGBWNEB,5102
314,RRXRARAXRDRAAXDADLFHRSNNIVPXLFFIHXAALDFH,5084
315,FGLGFBGGMGPWWNOELVMPSUMDGXWMJMXGLFGNWCUV,5043
316,LLLSLLXXLXHRXGLLLVBWSYXBYAYSHXGTMKYXXVEX,5095
317,OOTOHTDOTOTTOHHOYOJODNSPHHOTOOYOAODJPVOH,5172
318,QQQEEQQJEUUETTRBTENTPJXJJQNCNQTJSUTQENTK,5082
319,XXDXXDXXSCXUGXMGHXDYLPMBUMUDQXHIDOXBXDBE,5091
320,PIWYYWXGHKBXIKCHGEVFDRAPOGEGYJYNPICXWOPO,5024
321,LLMVVDLVVVLMLFUYXXVSXSMLLSYXNVLFBFFCLOJB,5085
322,NNCNMMMUCNCSVNSVNVNNVBCMCOFDNLCIEEJMAPFK,5071
323,LLSLPTLJBXLLBXPPPRCNOTLLPWTYLLAYXWWLVNMP,5084
324,IIIIHQHHCQHXHSIIWHSPCHWHGUPHPUPNSIQJIHMU,5106
325,HCCCCHCCCRRCCCCCCECCTJCTHWECCCNCBLNCOYEH,5308
326,QQPQQQUUUFQUUQUQQJPPOPHPMPQJQXULCUXCOJMQ,5137
327,WWWPYIPADHREHYYQKEAAMPVHHEHVPCAHHAHIPAHL,5076
328,VVDJDXJTRJJNVQJJWRKJQFNVJQJLGVLTHVCVNXLV,5073
329,XEEEOXROXIQJIYTXTERXHTEXXKJTINXRHVOYTRKT,5074
330,SSSKOVJVHSKVGISGSGOTKKKKPDGKKUKODIXAHGDQ,5079
331,UGGGGDSTSTGGGMDDSSUKHGBOSSGSVDNRCBNNKGGF,5104
332,GCGUIRCIEXMLEOGLHFJFOOODCYEEBQEGOEOGEWCU,5041
333,BEERROGCBXCAXWASTSCVUSEVMHSTMRQMEOQQSERM,5041
334,TTUTUTTMAULUBIDAXABUGJLOWCCXOUFDADMJTRYG,5045
335,VQIIIISLIVIFLVIITLVJLALILQMTVFJVHMSVIULL,5114
336,UUUUSUIUUSUUBUSUUSUOEUSFUWLIBUTEUOUOUUQX,5247
337,HVVDLDEPVVCDDGCCADLDEVNVOECBQTHDLLQVQDVS,5072
338,BMSYGDMMMVQBMKBBYPJBSRYYEDRARBXITBAGDADR,5045
339,BBBTTTBHBHSCISIOFNBCGXBBBBOBTCBBGYDIRSIG,5119
340,EHHHEHBQLEHYQQKQLHYJHJCEEXQQKEOKNEEHHOSP,5103
341,CTUBTCUWQCWWUYTWVFQCFFBPUPQQYPWCVUBBCPMF,5064
342,GGGGGGGGGAVCGGVXGGOOIAFGGHVAYGEVCVSKJVCG,5240
343,CCCICLYTKCGGKYCVKCHWFCGCLAWIONCTVCDCTLHC,5096
344,CCCCCCCCCSTCCCCTICUNXCCWLCNGCIXCSGICCNKC,5359
345,HARHFLANFMANAWLMFHNNTMNFSFFWMWWWRMRFFQYF,5079
346,RLREEEBTMURMEERGEJVGIGLOUUJBXEOUEBRSTTYO,5057
347,GCFGALISSSXEEGSWSWMIEROIHIEKWCIWRKQKWIWW,5055
348,EEEKECMKRMXCWUESXVEEESEVYHVNETEOEWXWSITR,5081
349,KUPPKKKQQKGKYGKJNNUOUPXKLHUMHBPKQCKLPBFK,5079
350,JJYJLJJJJJJDNJSIYSBIJRXJSAFMPXHSABCMYIPR,5104
351,PPVQQSQJHSSPWJCCNIPCWCGWHSWKSCWQLWPGWKPP,5076
352,KKWRYOGTGNMVOTMUPWKRTWFWWTFKTLGKOVMMDXGM,5034
353,XMMXWMWTEMSXASXMMMUIXMXTMTMSRIXYESPMMJMR,5129
354,RRRLLLSSVRRLRRNLRVQVQRALARJRMNWCRVLVLJYR,5139
355,BBBYFBFFFBYBKYBFMBOJHBWMTUMBLEMYYEBIYBJF,5108
356,EKKEQEEKJJQUUJUQQNYQKJKLRCLPJKQPEKERQCOK,5086
357,YYYYFYYTYJBVOYMHQYYGCYONYYBBYJOFPYYJCPYF,5175
358,OWOVVVVJWSJKOOVVJWWNCJDMCWOWOIWEIVVWIMVH,5110
359,RRYTYTYTIYIRTQIRWIYURRDIDNIJLKDFIRRYRLUR,5109
360,TWEHEEEAEAEFAEFAAAEEEIXKEWEAAOYRRKAEWTER,5172
361,UUGUUUUUUXUUPEJRVURSFPUPURROUSXFVMWDRUUF,5175
362,JJGJIVVAHHJAWKACAGUPIEGGGUAHXAUMAPAPNAGA,5074
363,CHJUUBBBCHBBRBBCWACGBJDQIIFBJMRFCGBFOOCR,5087
364,NNNDHDDDDDDDSNLWNRNNLNINYGGNRKLKWYNWDEDM,5144
365,DDIIDGDDIOIIXQDIIDDRRSDISRIOKDFDXRQINOKX,5138
366,KKKKPUTKPPIRUIKKSTPSTULOTPOUIORNCRPKGRPO,5096
367,IDCXBIXNMYIIBXIDDAYBSAMMBABEOABXIAXAEUSG,5063
368,SSSSCOWOEJWCSREECNSWEKGNCBKNHSBBSLCWSEBS,5080
369,VQVVQVVHKWHQEBKYOFYBOKHWYCIXMAOISYKSQJOY,5037
370,QCTQQMCWJXQCWHAHQQXRQRLMHOAUWWQLRXWAJOLD,5059
371,AAMADAMRGAULVBLIAAUMIDIRPAKPXMXALOMUUVAK,5076
372,MMMMMCACMXCGXMWGMWCCAMSKPUNBDKMENEAMWBFJ,5089
373,VJVVMVBVTJVVXHILCQERCIHVVXXJQVMMREJSCMRB,5080
374,EUUSQUWCVOIUCWIXACGWRCRCLRREVRXUJXCBIXQO,5041
375,NEWECQWNAJTNNWMNIRMCRNHIEQTAYMHNANLCALJH,5052
376,ASASSGFAFSSAMENAFGSSSPSSSHHFMMAEBESSSQOS,5165
377,UULLKLNLPVGVJFFGPLLLUBNLHLVUUUVSFYUHOLLI,5091
378,VJKSWKSKKYYTRGIYKVIHXDXSUYIPSVYKOKVIIDKS,5060
379,DIIDCDDGDTJTSCTRDRONDGIDREUOUDODNNDIGETG,5092
380,AXAXAAJXXXJAAAABJXCNXAMMAXWXXEAXNTQRANJN,5153
381,RRRRWDRJRLRRLRRRRNDDSJRRSRRWDXRDFRNLPRRR,5307
382,NNNINPUBQPOUPOPWPHABVPQAAHWFPXPVFHQAHNIY,5068
383,HHHHHIDARAHNXNYAAADDAAANHDXAVAALWDANTHDD,5151
384,ECOOFFTQOCEROFBKTCOPWQOQRYROOISSYOODXOQO,5092
385,GGGGSGFGGIGSSTGLSQMQAGGILXGSEGGFGGQGGQDJ,5214
386,SSDSKSKRVSCSCKCJTPIEQQCCSQPEVQQPTTXVIJCB,5065
387,TBBXBTBTTSTXTXTTOOSBTWETTDTSBNBIBTTEXLTW,5172
388,EQQQLQQQOQJMQNRNAKQVQJVQJMJQJMKOJSDXOQEN,5119
389,BXGNKDVSBVVASBBGBVPOGVRBDVDSOPSBSAWOSANP,5070
390,DVGHWDVHVBBDBVBADVWYHGDEVVCVVEEDBQUOVQCB,5088
391,EEPPEEYPAAVAEAGEFUECVDEEPDSOOXIEJDOCXXDO,5070
392,XOHHOECHHXRNWHHPRTANQHHNHHEHTOHWHIWTBHHH,5154
393,WVEWWEEWHLSWXWEWEEQWCMLSEXTJEFEWSEGCFLFS,5102
394,MMMGMMJMMJFTMMMNFBGMMMQMJVNMNWMRJNUMMJMY,5235
395,OLKKWKKOVAWANLKVLOQKNCWKROOMKXEYBIWKVRRA,5060
396,WWWWJEWJWJWWXWWNIWNMWXJPWGGTNMWIGEWGMWWN,5211
397,HJWHSSYHGHEPDSLTHHULGSITTBSTWWKSGLYWTMKC,5033
398,JJKDJKJIJDKJKJKTUTKYPRPPROJDJKTTJRXRWKBV,5105
399,EMMMSMEMBEEGMMIMMMSEMMUUMEDEMCFOVEDWBEEL,5172
400,IHIGLGYGOLVYLSRCGDRVUQNHIVLWGTVQVQIARVMC,5033
401,BBBBNENBNAUNNAXBXKUOQKUJGMHBABBHTHUIBSRB,5076
402,MTMQTELMMIMRRTODFCRLMCQFMMRDMMCMJAKGDXFQ,5072
403,EOKCCEOOWHNKSNKEEOYOKOOAHKOKONSOJLOOYENY,5121
404,NLLLLLVNLNGNNRNFKSLGLLLNTNBENRLWLNLKKLNE,5181
405,XXXXXXTXXOXXXWAAAGWGKHXXGAMGVIQKTLSFNXXW,5171
406,CXMMMCDMMOMGQSOSLPRGMJOQQEBXGBMKMSIBWOGQ,5050
407,AUAGXAAATGGGPRAXAAAVGYVYWXTAVOOERAVQBVGB,5103
408,VVVRRVPPLMVRXCPJQVBWYOPWHNUHPWWJVTVQBWKP,5048
409,FNNPFNFFFFFXFRXIUFAUFUXIEAFFEYYQUQFFFFDC,5176
410,QBQQQQQUQKQMCQVDQXKQCQQUQWSPJTGQQKBPXJOM,5153
411,MBMLKKKBKKVFXTMGKLMCIKKPAFMFKMIFAKTLGBXE,5076
412,IIIIIWWIIVWIIINIBVIIIIVFIASIIFPNTKKMVMII,5278
413,JJJXOLKJJPHXHJELECCCSOLDECLGCJCCPDVCXBJS,5079
414,AMSAJCJAAAVSSAVSSSYYSTVAAAAAGFCYFWEVEAAA,5169
415,GGGGGGRGDNGCWAGAGNQGJUNSCNGFGUAQUWQGTGPM,5136
416,GGJGCGRRGLGNGGGLCCJGRLTJBYLHYLICBKGMROGL,5102
417,OROOOMOMODAOCILLABOBRQLOORBWOTIOAVBOBBSV,5110
418,HDHHDDHDHDDGDDHDCDOOWDDHDGDBDJDDWNHDWUDD,5266
419,IFCICVUJCCIUUFHCCUIILOCIBHSCJOKUIPIFQEJE,5072
420,GGGGMGDGGGFMAIKGIPPSWGIMYMGNIEGGGGCBGNGA,5175
421,GGEAGAAAGGRGAABHARCAACIHIWDXGBWIICHHAYAT,5103
422,DCCDDDCPVVSVKUPVVCDOOOOHPCCQDIODIWCVCWVB,5102
423,PPPYPWWPMRGYPPLGYPMONBFRGGWPIGYMPNYAXLXN,5090
424,UUTUUUVDUUENUSUUUYNUUTXTIUOPUYYUOUUEUQTO,5221
425,GLLYBHDSGBLPHTCDDHGPYIGJGAWYDDEBBJDKDHJO,5038
426,EPRBIUITFUCBRRTPTRXRTQIUUCKPRDUTUTFIFIMI,5073
427,EXEEXXEQYXEXBBEXKDEBDEKEXFRRDHSBUHFEYXRN,5105
428,CJCCQJHCJIACQHWJOCAJJJOJOBPCPWXXFHOHHSIL,5075
429,NNNNNOCVNNVBNWCVACVVVCHVNHBBLVHHBMBWUNNE,5132
430,SQQSAMQQLALAAFQYUSACTQVFQQVEVNGKEVUNQENY,5072
431,QCCUUGUQQQQQUUUQGIUUULUEKKQPSSQCVPCUVGRU,5143
432,UUUAMELURNAURRMWADJIKGURRAMURQGUMMRWICLU,5085
433,SHHHNFPSQLLORSSBUJOOQXOJWOYLHVDQXDFGOOSB,5041
434,MMUMPMUWMNMHDMXESEJVDJTSJUJNSNHMSVVMHDWS,5068
435,UCUCUAECVUJFXHCEJUQILEUQVXUVJEUVQEAUJRNR,5074
436,IWWWWNWWWLKWIVTIWWWIFWFWWWTWIGWWWWWLWNIU,5342
437,MDFFMJMASYMAOGGUFCJJAAALOOPUNOKSYSAVMLQD,5038
438,CYYNSCCWWCRTMADSMMEAWWSSWYWMMSWCQMWHTSCI,5076
439,CJCWCWWGPJHCLCCJPHPCRFJCECLAGCCJDOLCSCWJ,5114
440,YYYKKSLYYKLMMKGIJAKRRVLAVJHTPPPPACCGQKGL,5056
441,FFFTFSFTVTTFEYBYVFMCTFBFHFYTVVOSQEYTBETQ,5102
442,OOESFEBSSTSSNOEESHQSJGSHESHVCBOEAAORPOMO,5072
443,SSGSSSSSSSKWLWWQSSKQBORGWROTRNRQQJUTBWWU,5136
444,BBBBBVBBVHQBVTBBVBJBDBQJOLJIBJVLOJXUVBBB,5211
445,UXDCCCCCIWDADAICROQDUKWYCVWJQXCARDVADCJY,5084
446,WLWWRLKMRRWMDWMRLDJRNRVDWBWLTWRTWHJJVDMK,5095
447,FFULWFLFLLLLAFFLFEFAWCHEJKYIUEEKWLFQKDHU,5088
448,OOVOOXOVMOBOIWVWXMNXAVOVVWXBXXQVFOVXOVIB,5128
449,SNJSCJGKPEPESCSSSVCXPYVSCESRKESSHSVESWCS,5120
450,LEMWSECTVETEOBEENLJSWYBJFQTEOWSULEKCSLWF,5048
451,SSNFFOVFOSVXEXYFNSYSVFPFVFFLOFVCFAKVPFVS,5109
452,FFFLSHUHFGFGJFHFOLFFFJQHNJSQJJJJJWMKUBQF,5112
453,DDDUUDJDNUUDDJJULJDCLNTUJJIMUBJDRMJUHQHD,5117
454,TTDBHBBBTBTORJLXTLRAOYTGQETPTRKCPGYRDRRY,5047
455,AQQQUFAVRVOFUROROQQOAARHAHQEQJPGFBBRFRRX,5064
456,WCIWCMTIDBWWTNQGOIEIMCTTCGWBDOTCBQQGITNT,5070
457,VVVQVIVPEVAVLVQVEVQEVVWVAVTQEVYVEEVIEWQG,5202
458,ILLIICLIELIIURULIADILUHREMQVHUHLVYOAILLT,5094
459,HNNPNSPVQGPPFTPHFHQPSSOWBUUIHHHKSPRPKPFD,5054
460,BBBBCCSSVBGNCWFCBBPQHBLXLVQEHWHCYSBBNQQM,5071
461,DOOODEDQGOOOFIKOIOEDLDLKOIKJPSTFKOKCNTGO,5100
462,KQQTQCTQKQVNTQCQCCQTXQTEYIOXKYYVLWQGWETQ,5101
463,TTWTTWTPTVVVWPOPSTWVMORRWMQWQGMJWPSPWCWP,5099
464,XXXIVXXXXEXQXXVXIXXXXUWTXXRTXRXUTFXUGBXI,5282
465,BBELELBWWWLEEBWLMSWHLCBLCUCCBEXWBHELKEWW,5115
466,YYYYYESYNIOYSBUUJYYYEYVUKGQEYOGYDYADYESJ,5149
467,XIXXESLIBXWLUSHHFILCTUPSBFGXICEDUSDNUCAE,5031
468,XXXBBBBBXXBBXXFBJXVQXXXTOBBBHBYXXPXXXXVG,5278
469,CCWCRCWCCNCRHOACJNRFAWCQRAOLBTNRJKFWJORO,5075
470,CCNSCCGCPGAGUGEKMCRGGDAGUIDGTKSGGWLRTNCL,5073
471,MMNMMMNXWBGNEDNBBBUNLXVVWBITWNCPPQVYAMUM,5047
472,SXXUUUBUUGDFUFAUFNPUCMVIXSUIRDVUSDSJDUCB,5071
473,URVRBBRSIRBBRUIAIFIURVNXFNBPADOXOOMSTCRR,5058
474,RRRRRRRRRRRCRRKKKRMRLVLLRIQNRRLPLGIRMRMK,5331
475,KWWKWYNTWPIKGEKVLXEOWKKNGWEWOMEAEJKLPIEP,5056
476,GQGGQGQGMGAVGGOBPQOKGKOCGIOGDNSFAIMIVXPP,5071
477,YYBPYJCAAJPCBJJXYWCJJUBPJPXYYJDBACJIJYBC,5108
478,USKASGUSXSSSKUJYKGMGBVSUGUDUUCAGMKNUCSNS,5086
479,EIGEUEBNEBIIEHHHPEHEEBEBEKBKECNCTKTETGYC,5105
480,MVMMEMVVOXVVVMAGEIMAMVMTCJENTHFIVMMKAFMH,5103
481,LLVCOLVOVCLVVVRVVKVVVLLISWLBCMGRVGVLVLPN,5155
482,KXKKKKKKNKMGHNKKSGSELSNLJXQKKKXWRSSAGKXS,5153
483,GRGGJGHGGSHGGGRSSAOBBUJBKGHVFSNKBGHLGGRL,5119
484,UNNVLVBLLVNNNNGNBVELCNUALVFVKVOTDLPPBVBB,5085
485,DVDQMOAPBTWVCPPLLLONSDDFATMDALGVFLANAOBK,5032
486,VVVVVVOQVVVOVVIOVKOCQVVPWIFPPVVUDOKSVGRO,5214
487,CJYCBCJHRJLJYRIJJIGCRBJJURDRGBFRSSCRGLXG,5073
488,GQAAEETBNEEESQBVTQEBQQTOAQAQKBEEXIQCNEPI,5080
489,KCLFKFLFFFLELKQJLCNGNJVKDJRVGKWDJNLCSGKF,5070
490,SKRBTCNACSCAIGBNQWHCBOONASWNBTCOQMWTGTUH,5038
491,XXAXXTSXXMAOJXYTXNXDDSXPAFLSLLYAIAMPLXDL,5083
492,DDDDJDUDRSDVSDDPDKDSUSDUGSVATSIDGUJXDHQX,5117
493,UUUUEEXUUPUTPCXPUTEEGCPCCMUEWXCPMGDFPUDE,5117
494,FWWWMNWMMMDFKCSWARWYLYWQMNRJWCHNWOYRMWGR,5065
495,GGJJJJWJGGJJCGXJNCGRCGOJJQGGJGEQAOGROFSN,5142
496,AEEWXBEEWEESELNWEBOKXBXBCOECGWQBMXXEQEEX,5105
497,OOPEPENWBEEEMEPGPDGPBEVPBLFPOBEBWPNLEIFP,5103
498,KKKWJGUSJGIWGDJSMETTWUXSODQSDSIWWGWVSDDD,5063
499,NQGEBNSEOSNBBGYUBHGUBOUGEEGQBMOEAEGGWBGB,5080
500,YFUSYWWFUYFFTGFRFYYUEFSSLSFMOYVHVYLBBCWT,5053
501,LELLJELLTLLALWLITFYWFHCYWAVCUYLEVVLJXLUL,5104
502,DDDDCDDLLDDELLVQCXYEDDDDDDDDDSSGCKETTDLH,5268
503,XXKLKYYYYXSTSXSSOSSSKLSSTJYSIUYTKDVILJXA,5098
504,BBBRAHLBBTPXHYABWVVOJUBBBRBQJBBDMDDVTWRB,5104
505,OVADVVVVOVVMHTLVEYYYPVAKVGVHYKTGOAAPVAVO,5124
506,QQNQEQJJEEYEQYNRMHXRDMGMSQJJEEGARSNTJTQY,5067
507,YYYVKMOPYPIKDMXVQKHVDMNQGQICFKKVSGYBSGCK,5038
508,VVVVVUVVXWULVVYQVKNWKYYUVYIRVBYUVWCUFUAI,5124
509,VJVVSAGSFVVVVVBBYVJGVVTVVJVJJVKJBMRFWXLA,5156
510,RRRRNYYBNYWFOYRORRPDGWNYPCXRCAQBNYRRONVG,5098
511,DWWWWRDMWLWWWWWDKYWCJCLVWRFADVPEJLRWRSXC,5113
512,JOTOKYJGSJGJYOJVLQBOVTPOTTKCGQJIADJHGANC,5035
513,LPPFLFFFQFQHBQBQUJYOJFILVQFFFQFSETXKQSXS,5076
514,GGCEMEEAEOQMSEWEBMXXNQFXLOXQQAGGQMCFDBJD,5041
515,PAAPRACAAARUAHXPACCAABAABEPARBUTAKUAPGTC,5157
516,HHOSIHHHRVVBVXPJOOHSIMVHLVHMHWSBNHLHHIBB,5096
517,UUVVVTVTVAAMVVCVTAITHVHTTUUFVOXAITTUUCVD,5129
518,VVPJLLVPXPELPXFJEMEVVSJUFXUOEUGLESRLTFXP,5058
519,VJKKKKVKDGFGPOTKYKDOOVYKYLVJTFDAKJXJXTSK,5083
520,GGAGKCGVYSNGYGCVGGPGRSCPMKAUBSMNPAGGGCYA,5097
521,MMCMYYAMFIXIBMXMXNVMWVMCYJQFCXNCVMWMMEGM,5093
522,RRRRRLRLBXTTGYNPURYRRXRRTRRXYXTCBPYLRTBK,5156
523,JJFTPEDEVEVMXJWPWJUAUHIPMVMFJMEYBYMYVTIE,5039
524,YOYDVXDYKDDRDKLDDOPDPXATDKRTYQKPVTMGJXXF,5052
525,HHLEMEEEHMMESWWETHVOTNESHEEESAEHHEDEHDEF,5148
526,PPDPPLSPIEPPPPKRPPPPAPPFTEADPRERAKYPPPPW,5269
527,JJJQNJWNJJQQMBQQHDVJJXJADSCOCSJQVAXDSJSY,5099
528,RRRQARRQRWIEMARJMAAWJAJLKAARBRTEHARFMMWW,5099
529,YYYKYKUYLYAPKPKAKXLKGKTXKXTAKPEXCYAYYMKP,5115
530,APAAAXPAAAAXGAXEYQTEAAAAPHEEELAXPYOXGAAA,5238
531,PYOPMYPWBYVYYQTEYYCYEAWIJOQOQFLTTQWWXPWM,5045
532,NCQSQQQQJLIXQNPWTYEEWSEPNCDCBHRINSEWEQIU,5044
533,UUUQUFQGQUCULFUFTCMUTLDFFUQNJVUFOATCFCWO,5084
534,NNMJPNJNNNNNNNNMMJAVMPWJMVMDNNLUMIDBNBFN,5195
535,YYYWGUUYYYSEGGPYQYYEYDYYYSBXGNJPYJYGYVJT,5155
536,RRRRFJRRXXRYRROJRRRXRLVWNENKRVRXXVWBGQQQ,5157
537,QQQQQJCLJHKQKPHFJSBGSEQJCQQPQOGRCIQTKPJC,5093
538,NUUNPPKUNPRNOXUNBJNUXLIPHKUUYOXUGBUGXGNP,5094
539,YYRYGGACAAKYIOFXIYGYXBYBYRYIAIEGYCVGYBVO,5099
540,WWWHWWWWIWWFVTWWTJWLWWQSHWOIOHHWWHSWAIWW,5262
541,EEEEEEEEEEMEEEEILEWBOEADMXEXPEXXMESXAKWQ,5284
542,IIAFAUUAIUGGAIQINUWJAHUNLUARBGRUHALNCDTA,5054
543,CYCJJPJPJJJJJHIHJCWPVMJCCJPJPTPPKEJOGEHJ,5148
544,OOLAYAATYOOGNOCAAYOMAGADOSVAAYSOWYLGOFFN,5092
545,AAANAECNAAUUAUUBUJAUKAXAXUARUHYOUJVBEXCN,5116
546,PPPGGPPPUQPGPTQUVPKPKPWPPHVXPAQPFPPTGPGU,5204
547,CTVKKKTNKKKOTKHKUSCAHHEKTCJSMVSSJDKSSEYB,5073
548,VGJOSRDDTVHXHPOLMRXXHTTJDHBNHKWRFCHDKHLB,5025
549,PECEECAPAIKAPEKAUYPGAPEEAPBPEEGEEESEWOBK,5133
550,AVVAAGCFSVHHFXAFOGSSVSUKHSHHTQFQLIKHSSAT,5061
551,OVVOVVVOOVVKCOVVNNOIVOVPNDJKVWTVUMRRPJEN,5118
552,NJCIGIIENIDBNEIEREEMCBBNFNDBKEYNNSIDMRXI,5063
553,UQQQPVQSQPQUQSPJOIITFNPSTSJQTJPIKGPPJPPX,5087
554,DDYYVBRKYPVXVYDYBAEYYKKYMGRYKYPKYAYGHKEB,5107
555,PPPYCPVHBFPPEPNPKCQXKCYPPCTQKBNBPPWPJFFJ,5099
556,XXXEFXLXXXICXUKEDSDVXXLVKDISXISNKUOFXXRP,5116
557,DRFNNLRYVDNLRBDRLOWHVTRLRTDRVILTVQFVNWLQ,5068
558,JJJHGWIBGRGQJGBXJMGXJMMOGFJJHNGSGGWSGGCX,5101
559,DDHCCDJCHOCHKDKDDCBEAFIQHHHQALRDCJPECDCC,5091
560,IIIITAIIGAOATTWCIPCCWWMWIIHTIDBTGLTBOBBB,5091
561,IIIMIMIMIFMICMVYMMIKSXAEMGBMIOKEDMGKTIRU,5100
562,DVOYOYRBHODBOBOUABRBOWWYBUBHJYREOROGABYB,5098
563,WCCCCWWWCCOCCCCQCIVVHPCCWCCCCGCCJPCHSWIW,5293
564,UUIVURYIFUGYUIYIGWUSMXGWFFUGWKFAYKHBAQDX,5049
565,YYONDXWNOXWTTOSAOOXDFJHSFJHXHYJHJVTHYDHA,5066
566,QXXXQEVVBVTBWRXBQVCXXBSTSXAYWTVSBXXXNXQR,5097
567,BBBBPBLIIGROLBLBQPLOVBLUURUQRDILOABPROVR,5097
568,YDDDCDCCELCCECEAMDCKASDCCGAEOJEEGEDJFJDC,5115
569,WNWWUJOXWINOIGOJXOQIKDGXNOONNJKGNOTNUEDO,5066
570,GADDDAAKGDKFEBKGRDSJGAHDDBADGDSBSSAREDHV,5097
571,DDPXIIKIJGVINPQUIIPKKRVRYWXIPGVVVCQATGBH,5039
572,DXDQDDJDXKQDOQVDYDIDKQDXKDVQDYDJXXXXBMVD,5161
573,FCUFFFCFWICCOCOFCUFCVFJXOTXUJFSFDBCCOSCY,5114
574,QQQQENQDAFQFQQQAHFEUFQQEEFFMQEQQGVQMUJFO,5166
575,IQMIMIMIMMIIMIYIIIIJIQIIOMDMEFBLLLYMIIIY,5233
576,HAGOFHODAIRNHLNAOHVOOOOOAOYYCHCROFFAROOA,5121
577,DIHHSIYLWMYYJISLSLHYVPMVHXYLHUIFLCPLKHRC,5042
578,UUGUWWWRDPPTWEOKBEMWMDVOMPRTSWMPRVRPPMWW,5077
579,KKQKKSQJNTKPTQQKQPKQQTQJUKQKKPVEPMFKEOSS,5124
580,NQQWIQIQBJGJQJWWIPQUSWQGSWKUWIDUMWNWPPTJ,5068
581,UUUULUKUUUUUUUCUUGUUUTULOUFGEUNUUUMHCLQQ,5352
582,CTAARUAATTTTUBRIMQTTATEVVYTTDUVBYCYBURQJ,5088
583,GPPPGEPHPHCRCCRPQQPKCKCULPCPAPHGUHCEIGPY,5103
584,SNGKUTUVNUSLDMTQNHPGPUUUDRNMNDPSUETCRLGV,5039
585,JJJJJJYWJCCJQLKLLOTMOQOWLVDQXTOWBUUVMHNG,5059
586,DDDEDBDDEDDRDDOBSGIKDDBDDDKDYDEKDYDCLDWV,5244
587,JJJJJJJLJRJPIJQICHDXJHHLIJRRJDLAVJKEJTLO,5142
588,QQQPSFSQQRHPQQQCQSUSYQURQPLVHPQQOVABEPOK,5111
589,BBBPFFEFFFYXPMEBFPPBPPFJBNBBFFFJPFPPBBGF,5189
590,GGMGEVEGGWWEVTGCGYGGGGGSGGKTGGBWJTNGRJFH,5171
591,NNSNNMSNNNMDUUNNNISDCNSIKNSJWPQTPRWCPNKN,5138
592,OUUUVVDUKPDVDLDVKMUFKELOSSHSUQWLHUUUVONM,5073
593,WYDDDWGKAQMOMDWOGDGWVQDGWDICWYYWGXIWWEYQ,5081
594,DEDDDEDDDDOTYYYECLOEYDTEDYWALTOFYCHDUCWF,5110
595,XXXTXEXXXORTOEXGXAXHGXOGMKIVKJXGFIFXFNXX,5132
596,WVWWWWGGWMVMTWWWWTKVWXTFPPWTWPPKWKLBGMED,5136
597,WXHJWHXWMEMJTWHHHWXMRMJXDHFWHJWWMHMUAMAM,5109
598,DAQOGTAOLQMBLLADOAFXLSITKXDFJPNPQOLQQTAQ,5046
599,SSJASJYRAREQRSGGQUYJRJSSJJKRRJRKXYFXUJJJ,5105
600,UUUUPMPUUUVUOSUOUPIUOJPQUUUNNJJUURRPBGNR,5170
601,LLLLSLLLOQJUKLVMGDGJJMOWUWJLSCWXLJIIQJBF,5076
602,WRRVLIYWRRVYGGDWTGUTSTWVIVCNVTLLGGYQGTHY,5052
603,LLLMMLLLMLJFCBETEODPLLILLLLWTFAJKBLMLKBS,5153
604,TTTUCTQTCTKQTCOXCCTTCTTFCTQAXTCLCRCTDXQT,5190
605,RHVVDNSGNMQVHSQEQQHCMYGGCCMMPGVSVQSVHNEQ,5062
606,AONAARLAAQAGCDAFROEDAAOAHEJIAAURGUQQEGAC,5096
607,OVAOEOAXOHVDDQNNDKAARRCDTOOOVTHOELXQOEOH,5081
608,AASTUTHWHWNUUUUHSUSXNSUPSHTGRTDOYRRHSFUS,5074
609,NNMNNSNWNPCLCMNAINMJNCWDHNNNWNWQINNIWSNL,5161
610,PNPBMBLLLUJTQUMBBLCPKJRMMLGUWBRHFTBPMTSJ,5038
611,OOOOOYOOAGOOGOOOXLXOXNOVOOALOLXOOXWARVAO,5280
612,QQEEEOOEEBEREAOUJKJOQWVNPBBHHJJEKKEEMKNR,5066
613,KTKDOTOGTTLPTOUMOBNLTOVMSXOTBTCUGNMKTOBE,5072
614,ORREOEEVTRERWTVELALEEBSRWJLTRRFWWIRREOET,5107
615,IHHVPLXIIKMBGPBILECQKMMPKLUTHHHBVVPOJHLB,5038
616,XXMCAACBMMXOLMDRODMACRCQODDRCRCQXMXAOOMC,5105
617,EEYYVEGEQEEVEJEFEEXEEQEVMTQQSWEEDEQPVNRF,5142
618,PHUUIIHGIHHGAWHHFHAAHRFFGKGAYRYEQGKRIQGR,5076
619,XXRJXHJXXJXXXRXXEXXHKMVEMFQFCXKHWLXHJRUR,5137
620,FYFKFAYFKFFYHKNQHKYKAKXYYKKKBKKKYXVSTDKB,5138
621,BABBOBBBLBBBBYLESDBPHBVEEXDBOKTYHSSVBUYS,5120
622,LOLRRQVJEOOVLBBOOVOOVAIRALBOJQBOBRRSVBBA,5105
623,HHHEEDHSEHSSTSHHSSSSSSHHSQSSSGHENJSHSKSI,5258
624,MMMMQQKKKQMMNHQQEMDMFKYMAUKMNKEWMMUWOOQM,5129
625,JJYJVPJJJKPYKPJFYKPJPJJPPJTTVCVVPKJWVQJV,5163
626,QQBQKQQNKQBBBIFQNIPIBRNIQWIYQNBNHWHGPQHT,5094
627,EECEMAEYEEFUECCYEEAUEAOWAFFCABHABHEHHYPE,5113
628,RLIIADVIAAVADADPUADANEDANQFLMILLNARNGMJV,5073
629,VVVVVVMMVXVVVXNVMVUMMVUXFURVUVHUVRFVNVUC,5246
630,PSPPPOKBBPPPFPSRPKJMOSSSOXPTPDPASPEFSHIG,5100
631,LLYLLLLVLLWFLDPLYQHAVUYDALDYUVXUPTHLMVVB,5097
632,HHHHVVHHVRJHWOKWVUHHJRGKBWAJVJTPJUHTSHKJ,5098
633,EVWCVKUWKUKWWUKEWMKKMKKJUKMMBMHSXUWUUEER,5096
634,QQHQQKQQHQOQQOMAPBMHTQEPTAQMFDMKQCMMBFEO,5107
635,XXXXXXXMVMGOYMMGARJFJAFRMXVVODRAXJXFPUYX,5111
636,EEEAJLMAMJAJGGJVLMVHEAWHKVDHSSHVWVGUXFAE,5049
637,WWWFCRWPCBWWVFWWBFRJRBWWPGFHBFBJWULSRMGJ,5095
638,BOBECTKSEMFFTOBBJFPKBMABASGAYLAMNDKBPMST,5036
639,UQQPBJTVGGMUJUBQGTYJBBBKMPFUUWGTRNQBTMKB,5047
640,BBPCCRSTAQYCPVLYMNFACSVYCCCNYTMETCTPLYNC,5064
641,TYTYYURYUYTYSYBTRUSUYYSLOYYTYLTELYVYYNEP,5153
642,FFYFFOFMOWGFAGFFGBYOVFPFPPORFXHBYJXFOFPF,5126
643,OOOTWLTOLTOOWCWTOTTOYOCOMTMPJOCLOTTBPTWO,5161
644,VNXVVVVVXNNNQDVUVNVOMJVNDQNQJMNVMSXLCYTD,5108
645,KXSSKSYKKKSSXKSWKLBTIMQMSIDDBYQSTSYBUDYY,5083
646,TTPTXJWTSYWWTTYPXPYWJPRQKSEAWNSYEEOVRYXI,5047
647,QNMMTTJJTQFSYITTTTKCUQFMHCQHFTTIVUOEOYMF,5067
648,BACBGMJIEJYIIDWIEDWIWMYBFLDWVTTYFCJVWIIT,5059
649,FCJPSVPVPVVIHJPKKFCOIPACTPGFNNBAPCDASNHC,5049
650,JDDGGJUDQHPFCCDXVNQJGJPJDHJSJIGPDNXOKUHC,5045
651,HHHGHUHHHPHHMPUHHEHHQEHHGEHNHHLHHLPEKEHH,5324
652,NNNQNNNNDYNNYDQDSNQNKKQCQDNCPWAFDYCSSYDU,5128
653,KKJJKOPLPOATEBFPPQLASDIKTKDTBLRKJIIJPDCX,5032
654,IWTNVXNIIXWGDNIWNGNGIGKSVGNUJBBBTSQWMSXC,5050
655,RORRRROOKVQDNFRFHLBLFPISWVAIRVCVRMIEFANU,5033
656,HHHHHWLHHHVRJHTFHTTJTJTVTAWWRAJPAXHANJAW,5123
657,TBBBQSBBSSFBMBAAVBLEBBBAVKGIAGFBBVSQGBAR,5132
658,BBBHBBIHPHHBHSTLHBOSHBVHPTSHTCTHIRQEJHPI,5106
659,VVVYLVJQYLDGVYGTRIVAIHVYVMHAUMHFFJVVRFKP,5067
660,AAJJKJJAJLALJKJUJJVGAGKQPLORGJJAWAAAVHQP,5122
661,VEEEEIVCUDLAAGAGQAJCDYGDBHSACAEAVEDTERDO,5048
662,EEMEGVYHPUUPVHAHPGHYVOUYGEMUEMPNQQGFPNHM,5058
663,MRRRRKKKRRVKKKAKRKIKYRWBLKYYRRRSBSBCRRMC,5174
664,BBBBTWITWWBQIWWPSYBDTIBYWWNSTTYCQBIDPHXB,5085
665,FFEDXFNUFDGSEESGUUDFVXQSFFEEAFJFISEFFEFA,5109
666,HHHHRBHBVHCIVHILYHIDHLYHIHIYJYJHLXHTIOMJ,5122
667,OOANPGAAXGXMWCCPVPAFOLWSPPPWGTMWVGAPPXWL,5064
668,RMRRLRQRDQRQGOGQRLFGXQRLLRSRRUMLUOUIRQMH,5114
669,UOOEOOYEDOKKKVULKOTUOOLUXEUKQLEYOOYUUEEW,5102
670,CLYLLYCCKJASBBLYYPBLCLEXYRCYKAOBBRKRYKCW,5072
671,BBBBBMBMYBLVBAOBWQKYKGBSGOOWSESBWIOSYDHB,5088
672,IOEBBEJJVVEBBRYEOJEBPVAHVBMRJDJEOOJOBARJ,5083
673,HEHEPHHEPPHPPEIUHEEEEPEETBHUHEEHDENELEAE,5207
674,RIRTKCATXFKYBYCCCQRLCXCXXNCCTSKCCWSCUNPA,5070
675,QQWQXQNQMVWNQWQVWQXXRQQNWWXQQWFMCQNQQNVL,5184
676,XAFAFCXCAELCDXQQKCYQXREFXHREQSFCXBEIQEQG,5054
677,UUCQGUUUGATTAJRUCJURDTOTTUPDGPQRSULFQNYP,5058
678,PPPXVKPYPNDPPYVWLAPKNIYAKYLKLIPLYYLLNYIY,5099
679,JJJXJJGGJJCCUJCJCLLLJCGDGOWSCJWXPJSJUDCS,5133
680,KBBUNKCBRJQCKRKKGKKJHKWWKABECCJIBOURKEJR,5064
681,MMMOMMCGPCMYMMRCMMMMBNHJQCVAHFBPMFOQKVEN,5106
682,PJXJPJXYJFJAOLJUVOCLSVHAQOAHGLLLWQWTXCXX,5040
683,EXEXVRRERIEEIXVLXEEEXEDNXRUXXEIRGYFVBOGL,5101
684,XXXXXLXXKXXOFRXXKAXXXAXXCRBFAYBJKHSKADAX,5209
685,NPEPPRIRELPPLLROEQHQLVGJULLUJVFLXLVNUULQ,5062
686,GLGGGSVNGBBGBSSRBIBJGWJRMMLIRPKQOTNBGGNN,5061
687,SCSCHCSHJHCVTVRHNKXCOHHHNYNOCEVHCYDACEIW,5068
688,BMMVVMHOBRFFVMOPQOLHFRFHGODSTOFVRHPBYRQO,5051
689,CCCFFCSXCCCWSWFNCCRCCCXHLNKDNRCNNOPNWCFE,5135
690,YYBBYYYYBMBRMBDTBXSWDDRMMUYDYSIJLJBWWYCN,5080
691,BBBFYBQFBULUYQWBHUJFBKWUDBQABNYBJXJBJBKP,5093
692,TCHHXHOOPEJHTHXOTOHHHUVTMQXHMXHSAORVTUXX,5081
693,IIIIWOWHIIIIWIWCIWIOICIWAIIIWGPIBLVWVWTI,5249
694,AAAQQQAACJMCCERMRKYRQYELEMFATLVCEEYEOKJY,5060
695,DLDGJVJDLJBDJEBGRJJRVJDDBREFDBELUDPJBPJB,5106
696,LLLSILEMEMLLRKMMLXRKCIGRSELLSEKILEKLQERS,5125
697,JJJSLJSPWSPJJPPPDJEQTRDJTFJJODPECPVJYJGQ,5096
698,DDSTSSQBDUSQIPJPBCTCTCSQCWJPDIISCSTCXXPC,5085
699,JIHRFHHHFHYXHHFFLFRFFXJYYXAALRDXAHNIIYLJ,5094
700,RRRRTDLRARQBLRLFKEBSLCSDLNCMTVALXGLDMFLN,5062
701,LLUMRIIRMMMMNBIMWMLBCWCDSMMATXXXSMMSBIAS,5094
702,WWWKBIPJKJKEWIJWVBXIXAUIWEJKXRFBPPUKOJOP,5053
703,OOTRRMDTLBAPOOOOKDDOADNDMNXTLYLQRFJLVDGL,5046
704,FDVDDCKDTGTVDDTPFYDODDDKXDPKDDLDDDDRTMTR,5181
705,JJODDDOBJDOJLDDBOOJQWIMQJOOOOCJDVDOXCOOJ,5153
706,RRYVVITMRVYTYQYHYIYJYMIYTMHRLIBFUMJYUMWV,5071
707,PPVXPVIBLYLPLPFNLELJLFTBHSLNWLLDPPILPDVW,5076
708,JJLJJLDJXLJXJXDDTJTJYLJJJIKADMNMKDJLPPLB,5132
709,PSPWUXSFGWSNPOGWGWPSPWSGQYAGPOFWHTQSAPWG,5089
710,WWVSWIDWJUIWWCSYFXFILWWSMSWUSWCOJVRTTWDS,5079
711,IIIJIIQGIEOJEFXJKFXINXKQIPIXDKSFJJIRFOLN,5070
712,TTUTCUQTUTTTKTNJJTTWTTWTVLTABTQBLUTBCTCJ,5174
713,AUARAURAUGUAUUGUUADGCAXQXFFHCANAVQGQWDFV,5102
714,KKKHEKIHHHIKKKKKHKMKNCXKNKECUPDYKCKERYNU,5152
715,OSONLSCQLOOOSOLQTIAVVPWPOLIPSOVOHJLONITI,5087
716,LHLHHHALOWQNLNPCKVSXVBAIPNOSALDNSLTHYSWL,5037
717,BOBOEOBOOPIOIPTBYQPLYDLFHHEWOOQQHNBWOOOB,5098
718,OOODPINOMIXKOKYPXPOUXUKIKAONKIISANIRMIMC,5062
719,DTPLLLSLBLBHOBEOSBBEBHNLBBMLNRLMIWSEWOUW,5073
720,KKKQQCKKCCCJTVYKKKKKKGOGMGEGGRSTKKKEPUII,5152
721,PTJMCACNWPNAHNHACACTYOHTXHAAAMSVPATAABCV,5075
722,THHCCHHAHMVTCTTOHXUFNHSMTNLCHOHRHCXHANNH,5099
723,LLIIIIEILIEAADTIEFDIIALAILVIWQFPAMVKJDFL,5096
724,OKUKGBGBYUBLBWKOUOXWGEWWUWXBKEUEJELJYBEE,5065
725,VYAKVYXVQYRMJYEJEYYRHRVCLMMCVJQJHJVYPKWR,5055
726,QQMQYPLBBJOYWBRBQYRQOTMSIIQQQHRJYCOTMYBI,5061
727,UTTTAAAYAATUAAUAVTAUAWVANJLAAURCHAOUUALV,5158
728,KKKVPQLFJFVIMEOMPFKROYIJVOKLEKJFVRYKKHEF,5063
729,EGGCGGPGPABXXPEVGAPPNNOLKLPXGGPGNLUYUVGQ,5081
730,USSSQTSSOXTNOHOSSPCSODSHLSVSETSUSSNFRBHS,5117
731,PRPPBPYPTRJYYXYRPPKYBBYJOIJBCJIPFFYIPYSK,5082
732,CCCCVCCCCIEFECEBEVLVUNUFFPTCICPXSCUKHVBG,5095
733,NDXDCBDSKDRBCEBOHUXKWMSKPCRICQXRGIRMAACR,5024
734,JJJFJJFFFFJJFHOYYJNNJJYEMMYJBSYCMMMEJGYP,5134
735,TTIYITTIBTTIIITIINTRJTTTWTTWKWOTIIRKATXA,5191
736,BBXBBBBBXFGBNBCOBNBNJBBKFFFBNFBIFBKXAKMB,5200
737,SRLFRNYULLRURLFKLFFLUQLNFLLCEUVLUMRJELOG,5082
738,HHHHTPHHHHNHHSKHHIUHUVHHHHWHNHAHNHHSVVHD,5339
739,RRRJRBTOCBRBJPQYKROCVIVPBXKYYKRBVXBAQWXA,5062
740,YIFFIBCICFFQRKMERMMGECRXFDRFEEJEMJMMMFEA,5063
741,NNNNNISMNVXIIKNVWIDKVJNIOSPJVIWIKNNMPUEY,5100
742,UAAAQIOXTEUSBQWETUQEKPAUTVAGWUIEABUPDQME,5036
743,QQYYQSYYQQXSRQQXBYYXWFQQXPFQYFYXOXYYUXNW,5139
744,BTXBAKQXQUTTXKBIXPQKCPKPVVTKQVPUVAVKCKOB,5065
745,TTCTPWTTTMTTITPWXTJIWIFWXWPWWUCWMTWWWWWT,5192
746,RRQDRRQJXQSDSSWQDHDHUQVSIRDRIADCORHLDSED,5068
747,BOSJOSDKSSBSSLKSETDVVISIEENTSSFKEAEBBKKY,5073
748,LLLLLGCGGORHLPLXLYGLSVGLGPGAJGFPPJMJHLUG,5099
749,JJJQJOFJJGQIEQJRFQQJJJQJOQJJJATJXEOJLSKR,5175
750,FFHHFHFMHFFDDCYFACCMDTFHMMDHAKKDFMMFDTTC,5125
751,KKKKKHWRFKHWWRFRKTKDWUTOOHTTKKATHHKIDOQU,5115
752,RRRYRRRSHGGWAWOUGYPQHSGGAOAMSOBYPQYHRGPY,5073
753,BBRJTVRRESTPERQIALBBMTWWYHIERVXPTAHLQHDT,5029
754,BEPPBPEPMTDWLPBTTPCFCBLWWQJPFHPPBPTFCDJV,5080
755,PPMSPJLIMPOMMMCMMMMMGIPDVPPIJBBMJGMPLRVM,5132
756,WWMGEMWEPAPNWVETXUMXMTNEMNNRMMRTSGOEGOWE,5060
757,KRJKJBRJJJJLKBJNYNHSJBRROTFGKPBJRROORGJI,5091
758,OYOHYBBOOSOJWQCYYYMYCAYTIYCSRBYOHSBPCMPC,5071
759,TAEETAYUIJSAIDDTQSEIFGQUAJERIIJTSESLBGOQ,5040
760,ALLFOLMCSSEMLLFKLLULMUCDCLPOJBMLWCMCMDML,5099
761,OODODEDEISIQSDXOESDSSEOXIDXJOWLESTDHSSOB,5087
762,KXKEKUQWSGFMVVKVWUQWKVKXJFUUOETDROVHHKND,5044
763,SSSPSSSRYIVIISPYIHSSKARGSEAKPHAVAAPWVEIH,5099
764,RWWWMNNMWNMGWGJMGMWGNKMYMBFWOMNQKYWYGHIS,5077
765,BBBBBBMBBTBGQYQBBYWBVTKBQUQIVTCIYCGBVVVU,5153
766,WWWWWWJOXJVPMNXDJSPWJJWLPWERXVUGWRWLEFOX,5098
767,HHHHJHHLKHSHKUHUHHKVHAYHUHVBHVHIJHHVSISS,5208
768,FVRRRVRFFFBVINFRRRIJBRUFJVRFBFVPFVVHWJGJ,5119
769,XXDTVVDVTOTKWKXVDHHWGYJCKGTSCCEYKKTTBBFC,5037
770,RRNCRDEXQNEWTESCCRFAXSRPRPXYRVRNTSTQFDRW,5058
771,IEIEECEEPRPWEEVWAANFYEAEPGYECPEALVEGSVHE,5103
772,QWFVVVHVVVWVLQEUGAEEMQQVVIILAQGDVQGRUIUK,5079
773,DNFNNDNNHFNVLPRANNJANFFNJRDFFUOBOHNDGANI,5110
774,LIHAHWLHIGRLELHIHBHWSLBLLHUHQTXLKUCSGCEH,5073
775,YYYBAABBYBEATASEECBGBTYBGTBJKGAPUUNTPPIA,5065
776,IKKKYKLKLYKWLMKLFQWVWMQWFKOTIPXSKGWJBGXJ,5059
777,TLQTQROQQQRROTFYLTLRQRRQRJTTKYRGPQKQJRQC,5120
778,MMMMXMMXXXTXLHQDDKLXGVCQVCXXGVVCVCVXTQTJ,5117
779,TNRTRGNRYRNARNBNGGYWRNRGNYRPARRYYGYNTBNY,5146
780,OOOOOOCIOOOOCXOONOKWWMGJGKOOFMOPJDIIOETO,5220
781,BLOEOJBTXBXOOOOXBOJOSXXOHHJXHOXHHJEXVBSW,5120
782,GGGOJOCOOOOCXMPGKBOBOJGOKLCBXYAKKKHCLLOG,5096
783,UFUUUPXDMMJXAUVDXUUMSJDTMUWUDMDUUUCDFLUE,5106
784,QGGFGOGNFFYGGFGOOVOVQQSVJGWLFVMPOGGUGYUQ,5093
785,KKKBKKWKWFBWDKWDWESWWDTWJQQWQIQNBKDDSWEP,5106
786,OVVVXVVDFVVRVFVFVIHOTPPYPPPLVUCPFCKPQVDV,5112
787,YRYYFRRHCSCRHHVYYVYYOJRKYXXRYMDWBOXRMDDV,5077
788,QMTSFLSSSQTNTQTLTAGAOFMXCXHAFLNAALTLOUAN,5061
789,SSSBENSLSINNESRSNIOSNLSESSMKMOMIIIONSQYK,5114
790,NAKVARROVNNICNVWSHAKWRRHTLNQRRCAVVRRKLLR,5070
791,CCCXXJUUBXXUPXCCJCQLQQXIIUVMJQQASUCXDCSY,5070
792,WWWLMDLDTQMLDQCLAQMMLWXWWJVBXLJTRVJBJQWR,5069
793,VSUVMVMMSSCCTTTGBCNEMCESOXCLMTVSTVMCEUQM,5073
794,VPAPYLLPLVMPLLLRLUPPPFKFFJLFPLLPYJRPMPFP,5152
795,ANPAPPLLPPKLLPPPPLPAPFHHJPNFPXOTUPLPWGIL,5152
796,YYYYQOYGOROYOYYYLYWNBMKLNXYXURYYAOBYOBER,5130
797,OOOOOOOONXGAGLOEBYXQOFPOBOOOVVIOVIMOOOWQ,5230
798,COXQROROOCBHHLWHHHQOHQQWVWAWLLQQVOCQWDUS,5075
799,UUUHMLUNPAPUHLUTLHNNUUYERLJUJEURUPPBMUNP,5103
800,PROROYOOOJPOOWJYOOJMOYYRQSKQRURIMLJAPJPJ,5097
801,KVKKAVMGKHSKXSONGFSENKYGKVYRBBWKYONONFMX,5054
802,YFYFMJYJFYFFAJLQJYEJJTFEFFJCKFXETFASFAJS,5113
803,CCGUEGGGCAHDUOVOCCCQCDSMMMELECCVFCCWXMFL,5081
804,MMLFMXMXMXEWMFFXXVQSMPVFMFIOBMSFFOMWCCFG,5090
805,VVJVYSTJJVCVYMVYCJVAVLVCAFVRTJPXFLMBCRVL,5092
806,LFFLUIRRAKRPFRFCFGFEJGACSAAAFLNOIBFLDFWP,5047
807,GGGPCGCGKCHKHATGTKGOGKCEGGKHCGVGHKDJCYUG,5120
808,UURUUAAAHAFTQHNHAVNQHITMBMNJOKRSENVANNON,5048
809,ANANAAAJNAAVOAAAANAANOAUOKYOEMOJAFFALSAS,5191
810,ONPHHNKRNRHRUVYIUVIUXRONURHRCUBRRHPSNTHN,5076
811,ONNOOYGYLOKPOBJTGDBYDRGGOMOAYOXYGDNGOODD,5074
812,SUUUSBBLBAUSQUTBUBUBSYUBBACUODUUUAVTABEU,5136
813,UULRJRJXRJRMAULRLRYHBAAHUNRJLCUYUECJLALA,5089
814,PKJHHHHYNHBEIJGTUHTHESIGBSOIPHGUQGGNUHGN,5072
815,DYEKEEKKGKSEDEEPIBDLEIMYAGKGBEFSNDGGSVEO,5061
816,FFFHFFFJFJKFJIWIJJTWFFWFOIPOUJMIOWIJFTFM,5142
817,RQRRRRRAFORQRWFGRGKIRRAXIRKGOAUWRIBLGBAU,5130
818,GGLFGLFFGGFGGWLGYLKGJGLBNFLULLGCKOFUMKFR,5111
819,USSSYSYUJUUUUSCJMHMEYMPURSSPVMRCUMPVUQMX,5097
820,FGQPTFQPQTUHBBCGFHQIPKQPTQFBABPYOQBIEBWP,5052
821,UKUJMUIJMLJLAKOKTHAHKWXKLLIQMPKRCUYKKOMC,5042
822,OKOOOVAOOOFOOOOVEOOMJJDHOOYQOYHQXYROEIMD,5183
823,AUUUUAMAWAJLYNFNYMUVUYVYYUUAMLQUJFXNUJJI,5090
824,JJJXXXXWJXXJFKGXXFMNJXXRFQXNFXXKPTXDPXRA,5152
825,SSSSSSDWQQDYSDMSKWYSXBXWBWDJNXNYMXNBGDMM,5100
826,MMMMSVMWCQMIMMMYMBMMMMCIMMSAMMMPMJMEMHVG,5285
827,SSAAPCPASCASAWYCVASSFSAFVSSDFSFPQEBSSAGY,5125
828,KKKHHHHFQOGHFHGOHHHQHBHOCEBHHHHOHHHCKJVK,5233
829,NINIYKICIMIYRQEIKPQIIIYXIYNEIIUIYMIIBAUI,5160
830,IWWIWWIOIIWIYYOOIWKUIAOTIPOVOGWIIGAFLCYL,5109
831,PPKQQQKKVQKPFRYBITTPTKPKCAQTQTBNQKBKRQCL,5082
832,IIDIDDDIUIDARDFNFVDDRHCRNCICIKNRIIITVYWD,5101
833,KKKKKJRWRYKIKMXKMUCMKMMKKRKMBCMKWKKRKMPJ,5198
834,TNJOJPTNNNSJQJJMNFKJJMESROMJJJNDDMBJOJNR,5113
835,YLIVQYIIIIGXEVISIEIXSVIBSVIYSWABEQUJSMIM,5082
836,RJFGFFHFGNNNFCTNPPHRFLAFJFLRLARLFSRRALAN,5092
837,XWXCWTUTVWVWXRJPQWXJWWMXCMTIMPVLTSLDLJJX,5055
838,EEQEEOEEVVVLQOEMEELEKVCVKGOEKKQPKPBOEEDG,5129
839,FFQQQQIQJQAEFQQQQWQTYCETEQQFKYFBBYIEIGFK,5132
840,AOIKOAIOLWMQNAKIEEOAAEKORLEAKSEKPMMLMKUR,5059
841,MMMMFMMMEMMIMMIRORMGRXRCMRXMRWMYMWEVWBMX,5181
842,KQKKQQKQUKUMOQUKUHHKCYMQMRNEUDUDCHNKDAYA,5082
843,WXMMGWXJMOXJGXMEJGXEWAJHXJXXYEJXXOJHWYAP,5113
844,LLLCLCCFIIJCFCLWCFHIFICFIPBNCILYCCMJPRAF,5100
845,XWXXRXBXAXCXXWWXTXXXLMVHTXXATXMTWXXAXKFX,5213
846,IBBBFBBBHBOFFBFXDHBOBYFIBLUBVHVFBVUYFBHO,5159
847,UUCUIUIIRUXIXAXQTQUXUXHUIKGFUXTICUUKXXQR,5118
848,SSSSSKSRSDSKNIXSSKKXYSIXDIKULSSSFPUSPRYX,5163
849,EEQQYSAEEQSMBGESMJEOGEENXPPEVUQREKGOUAHP,5058
850,WWWWCWWSQELERWJSBSASDQQBYBIRBRGTIPNNQKJS,5044
851,DBRAORAAXOAAENAEMRYCRNOMOHHPCOEOCRNAKNEB,5068
852,MMRNFTKNTTXTRQMUYMEEEVLLTMMWAITTTHKUDQXM,5051
853,QQCQQCQQQHWHQQQQMFUQQRQMWUSQQQQIMGDSMOQD,5245
854,PPYIPEPXFISXPLIIMXEGWPRBXOFPIIBVYYEWWWXA,5047
855,YYFXSDYVPOBAUOSYXNVCUGOYHOEMTVBCSGNLOCXD,5017
856,MNNNNYNUNQEEUKNNNSNNUNEUNENUUVLEHNNOKANY,5195
857,MDDLLNLLLLSLDLHELWLEXALWVLVFFFVNQLHLLWEQ,5143
858,YYVMVWFVOAPLKDPOWOYOOVJOWUYFMSOMVGTFQTOP,5041
859,PRPYYYYRRTPPPRLYUIBCQVQJYQLPPRCCQIIXPUPK,5085
860,POOETCILSEXEHSOBCFGJAVRLEVUSODBALKPOFXHW,5015
861,XXBXXXONXXXXMMFXNCXXVOBUYYXXNTOXQGOCNOLO,5152
862,GUDQQUAANQNIAAANQHPWHNQCNCQCHQOSFQGMWRKT,5051
863,DCKKKGKDDKKKHGFGKKFDODGKDJUJDKDHWKUKVCKB,5153
864,HFUCFXVVKCPSNHHSXYFLDFFJKSSSFFEFQXSCGKOF,5044
865,SSMSMRRRRSRROSMRSEFJWHELSUSUISSEYXREVNRH,5101
866,KHHIWWDHOIHVHMWHKIMKWIKOSVEOOROOTRWWJNAL,5047
867,RERRRREUROXGRNEQXNNEDORRQRMLOHRXKCGRRSKU,5107
868,SAFBSGSSASBFKWCKABAFILBBAKAXAGIRCGCAQQLY,5064
869,SOOVVOVYONCPVGGVVNSSVVCRVVICVDBWEECKNPSO,5082
870,NNNERXQGNXYXXIGVNMERCWONLENLCTMQANRLVVEC,5048
871,VIXEIIOVTIPHOVIPJVLLOHUIWINEAOWTTSVTLITT,5066
872,RCIOCWCCJICECNICRCREXARNCCCIYIRIFTRXAFYK,5099
873,FDHTWXMWWWXFVFWWWNDWLENNDRXYFVDIWIHBIIML,5070
874,NPKRNKKNKRENKRNNKMPKKKKEOKCTNKPNKLEKEKNV,5192
875,SSISNSNEWTDCNXTAWMNNSNVMNNDUSYSHMMNNPIQX,5073
876,FFFQFMFPBCUBQIVCLGCHUMDCFAFBLDDFHJUNFUBF,5058
877,VVVVVQVVVVVVNVECEVVFETCAVVCTGPETUWTKWSVM,5204
878,LXJXLLEMXMLLXLLLRVLLKXLLUMKMVPMXLUMBWMLM,5164
879,DDDJCNDWWDKDWLWYDWDDXTDVOFDDNDDUKNDNLWYC,5152
880,DAAAAAEMEAAVAAETVETVAEHTIVANAWEQPVTTVKMA,5148
881,OWROOWURYRYWRTWRWPWUQPRUCFUNVRRQWYQSKTTF,5070
882,YYOSSSXOQRTCGGROERGSASYRAAYCOFOOGXXARKYP,5049
883,XEXXEUUXNTUEVWXEVAUTUGBENNUXGBQBYUTUIVMX,5080
884,HMIOTIAOBTBIAAYNBIBAIBTBDIMABQIIAIDUDABA,5114
885,NKMNYUKMPYNJONYLLHTKXHLTNHROMIMYVNRXJDGC,5030
886,SSSSIYESAESUJWNDMFNOKCUOJNKSNKWLIMQNCDOS,5052
887,GGQYQGGHRQHIDOTGSODYCYDDPXXYIHWNTGHGJRTQ,5045
888,EEEEEIEEEAPXEEIVAILTEEHSEHFKRQVEUSLSSPMV,5136
889,DTQDXAJATDQPKKQDALQNTHNBPBANDIPPEAQDXXTS,5049
890,JJJJXXXAXJFJOUYXJKJNJDOJCJJPJJJKKJJQJTPV,5187
891,JJJJOJJKJOOOOPUJNOKVJIVDKMJJFIJUNJJMVOOG,5156
892,XXXDMDVYBKXFBBKYXPXSICPSFPPUDCBYXXMXBUXV,5080
893,ISLRLLISVLGSLASULMQQXOSAQGQLQIQOHLRULODO,5072
894,FFFYFYFFIFVYIOILFYNXQSPOGPEXFFLUNPYLIYVX,5083
895,XCXFXXLQCWIBFHSCCUQCFBQRRHCCFXQUFBIGUBOW,5063
896,UWEWWWAUWWEWWHEUHOLWXFAEHPOEHLOOTQOHFXOE,5100
897,WEVWEWREDEEWEFVEPFVYVLPBVEVEYEVVPOAALXEE,5121
898,QQUQQDDHDHQUQMDQTUDQDQGRSLPDDOWUOGGNSFWG,5086
899,GIGVGUOVVUQGFFGBWVOFFQNFNVNVAJWBDJDWJGVW,5064
900,FFEFEKFFBJFKEEKIFGFYEEFTEFESFKFYOEEKYKRD,5145
901,QQTEHTIQHBHTCLHJCQBYLHFNLJHHTTHYLLHMTYLL,5093
902,HHYYHVLLJHTPKBNVKGYVDHFLJYMHLCWVYYOJLBBD,5038
903,LTTTLUAKGPVSTTUPNWYTKTGIWRWLGGNBGWUNCYNL,5043
904,CCDOCCODDNDNDQTDXOUDTWXCDDJDXDDDODTKBFDD,5165
905,EENAAPEAHCFNPPQMPTNXPEJTMQYAATNLLEBPXECV,5048
906,VVVXNVFTTFHVHVXPVVVMGUNNGVVXBTCTCFGEVRAB,5101
907,JJJNNNJJDNBNNNNASJDJDNNJEJNJJDYJTNENTYDD,5209
908,CGGJGGGXGGGFGGJGJBCGGMBNGGCGHGDNFHNPHFGC,5218
909,VVCVDGVPDAVEVVVVLCJFVPODDQVVEGFVYVHNVFHL,5130
910,PPPPPPPPAQPEQLPPGPPPKSGPPELTPRPSYXPXPLTH,5284
911,CCCCCBCAACSGBCSHCOPGBBEICIMUSCHEKBDADQLD,5084
912,FFFFFGWBYUEMYILGYKGXXYFFMLPKKQFQKQQFGXOY,5083
913,WWWEWWEWEEEYREPOEWIAHGEGHELOUOLBLBEEEGPD,5119
914,HGGGXXUFGHGGVHMGKMRGCPGYHBHGGXVXWHVGGMHH,5119
915,FAFFFRCEQECIWFCCFRWKACYEMCFARERLEEFCFKGF,5094
916,UYVYVUFYMFUUCUUYSUHMNULUMNUFLLYUUVFKLTAK,5103
917,LLLLJLWKLLNBLKJLKBJQPBBEJKLLVBXEBCBLEQBJ,5131
918,DDSISSDUDSDSCHNACDXVPSYOLDDDDQDCDKDQSNXF,5107
919,VVVVVVVVXVSJPVUSRRHSVSEDPXSRGRXRNODFAPSC,5118
920,FFFFFFFYUFFDVPVUDFUPVDFFCXMDDIBTJTFJFFYJ,5184
921,JJCQWJKYOJOMOCTDGAHCYJYCODYKMCACCECJTEMM,5054
922,WXYYYHIXVYYDMYULXCCVYYLWNVYGWINLUYTPNISN,5066
923,OONOOIOMONOSONNNOPIOSOOOONXUINONAQMAUENX,5198
924,SSSUSBSTSSSTTSHTDFODTNSSKSSSRSWSRTSUTUSH,5214
925,WWWCJYOOOYOUDMYCKOKOLMOOOYKGJIOCWOIBMMMA,5099
926,VVNVPVVFFRKVBIFQVNEWYVLTCVBKVQWVJQBBBBDG,5074
927,SIAIFASIIILVISWVIARFTRFAFIWNVASWTERNSONI,5089
928,JJYPJWHJJJJJJJIJJJJJYFMYJYQBSJLYKYYPHYJM,5257
929,IIILLIEIIIWIAMIKISIIBWIWWIWMQIBWIIWEIAGI,5241
930,RRRPRJPRPNRJLNRPGIBJPIRCNXCPPJRBRRJGNJOY,5117
931,QVRRVQHQRRKRKVREGFKDKIRCVBKCXVBVKHDELVKY,5071
932,MQXXXXXXHXFXXXVXXMHXDXYVWXOMXXVXPNXOXGQD,5250
933,YVGGTKDKCQJPGBQQYQKLGSVQSPGPGYQRKVVYQJJV,5064
934,TUTEPEPHQTTRPPKEPPRTTWITPRFDEFPFRBTRXYKK,5074
935,AKAASKXKEAFHKPAAGMSSDTSUXHOIFHDPYUUAQSKF,5042
936,KSPUKVHKUKDDCKVEKPCVFSEYRRBHEUEKBNKPVUUD,5063
937,JXUKMUHSSHXUFHHSPJHDHKQOQDTOUHWAPAWHAMFE,5052
938,AAFAAFAAVIAFVPVLINABHAFPDWFINRIAAFIVLEYK,5110
939,UUUUUPSUSDRUUWURNUMRVQROUVGVGXUMWGEJUUDU,5135
940,SSSBUJSWSWJJXJWANVBQWITIJALOFJFTDUQQDDTS,5042
941,FJUJFJWJJXUJMJJRULYXMWNFXFUNQULXRGQDXMRU,5078
942,LLOEQQVOGYPPMQVYSOOLSYDLYKHSKSEOLGQOKPGY,5058
943,KKFKKIKGKTILGUKWKKRWWGWLKGIGAIUKIJKAWWHM,5107
944,WWWWWWSBXWQLOQQQQEBBOQNKBQJTWWBQCUBKJMWB,5123
945,KKKTESLWSXHEQBKBCOKFKLBEKXCDDEOVSOKKCVGY,5050
946,TTNTTTTTQTTTTQVBKTIPBKVETTBPFTWKTTTTYKGA,5259
947,RXXVTEQLCVQJGIVVVARRVRXLLLIAAVXJAVVAXDGT,5083
948,DDGGDDBDFFOJDMOGJQGGGGLJDDDQAJLUDRCFUJKD,5102
949,DDDLLDLDNDDDNDOPQDDQLDDDQKPDSRBJQKSJSNFJ,5166
950,PFPLAPLAXANQSQFLFPCPDVQHFGBQFODQXPDQQQYV,5065
951,TTTPPGPGGSKCIPLTGPTPPYGDSNLJIIWLTAUOFMHS,5043
952,UIUUUYVEOXUKGMUXRUAUUURXAEUJQOUAAKUYUDLN,5101
953,FKKQQKKFQBKBUKQBFJKVJFLUKJKBQLGKUKHKJKYQ,5130
954,HDHHOROPQQOPHPHRHPDOHKHDDFRRMQDMHHPPRJQH,5111
955,WWJUWJIXJHJXJPJXWPHWEPAXFAHJJWEJEUOQLEME,5074
956,XCCOCOEVCWXXJXFNNCXKDMUYKOOPJCDOOWDRXXDL,5049
957,LRLLIOOMPNFXNRLLRNOFOOTGNJOPOPPLLERKOTWI,5073
958,FFFEFEVFMWFYGAMEDVNHYSCCHFFCOWQAFCECCYXF,5071
959,NLILHEIEIEMCPNIGHMQWEGHESIEEFQEOEFBHBMEB,5076
960,EGDXIGAXIHAGIXDGXDBMJNDDAIIHDJIXTGXJWWGE,5072
961,IDDTTLLISVIDDITIILBBVINVOLTDPTDTBVDJIBIB,5102
962,PPTPDPPEKXTFAPUFLMUYUEDTLPPPPHDOKLYPLSPT,5093
963,EUKEXEBWXFXWXWFUPWWXNHXOTQQVPIVWGBOWMVFK,5044
964,FJQFIGFFFVBWUMFJFBFFFQBBUUDIPIQIHHFLUUBW,5092
965,RRRRRYRDRDRRRGROLJGRALRRGRRLRRDILGGGVWRM,5250
966,WCEEEEBEWECEEEOGJIEWUMGWCGEWCWBEEUJGFFUL,5141
967,YIXCSCXYYYEXXCNCYCSCXCKCWNXXXPUVLKCXEABX,5106
968,YVVXYVVYYSLXVDJELHPKWOYLKPYIHIEMIOYKFSJK,5047
969,TTTTKRMKUDVIVVTUADLLUKHDKTPITXICMRMTTCEA,5064
970,JJJMIKKKJAAITTCARCJHUHVKKRGUTSFUNJKEJTJJ,5062
971,SSTTSUMKWOTKKUSOSIFULTGOMESOKDTUUKKOTUSM,5076
972,EEEEKEEMETJTEJPATEULLBWYFLUJQKHYQAEPACEE,5091
973,QQQXXUUUQXDKXXEUXXQSSXQYQXQJFKOYXXQYAPXE,5138
974,IIISIIIIIYHYQSEOESYNBVVIEIPIIVYQKIACIBAF,5126
975,JJXIXXBXJJTQXTATXSSJUWBXMAQWXXXIXMIIXVTT,5114
976,NNNNBBIVPTJBKBTKRBTNITOPFFBVEFLFVINBEVMB,5067
977,OAONQGAKBSABBTHEGEQKAAHAOTEOLKNDKGJKALEK,5055
978,MCCXMWDDPCKCCYPDGFWRPSOADRWSISKCYADKCXCD,5066
979,XXIXWWXXTFXBHFMWMNFWVRPVYARJIJJTDIVFMMVH,5038
980,WJHJHFVVJMKKJBOUQEEJMKWYEQUEOOPSVFIJYYKW,5045
981,OGEFGPAEEMLTOEHFMMEGMBSSFPGGCBUDTGHGGQXW,5037
982,CQKKKKEMUUEEUUGUKEHUJEENRNKBNUIITQUQXKNN,5073
983,AAALAOHYAAIINVAVVMAAYYEEEIWNSLPIPMNPVTCM,5061
984,BBBBBBCOSCNRBBJBBNBKOKOSBSBKBRBJJGBJSSVP,5194
985,XXXXLIMMVAIXVXUQSSSMKOFASHFXMOPAFLCEXXME,5065
986,PCRRPRCRCRDRPPCPJWRJMRRRJMJRPBJYXRYOSFCP,5125
987,KKKKRRKRKRKLUKKKJEKKKSQUKUYGKKKLEFRUJKFF,5226
988,IIIIIRIXXIHNKSRHIHTXIWINNKDIIMSPHITMMEID,5133
989,KSUSKSKDKYKKFNKKKKKCSKPUKPKRKPUSPKUSPSFK,5210
990,PMVVXXVEDDRVIIUXVIPRPVEWVTIJJJPWPPDNHJVE,5068
991,IUIGGYIIIYSSBYIOORYYGCBWIIEJGIFIGBXYIIVW,5096
992,HFRRJFFFVFYFFPKJFFMKREFAMJJRJAFFXLEDJFFJ,5133
993,WWCHDHJWHPYASXRXSSUXXHTTYUYCXGKPKYWGVYHX,5036
994,TLLMLLTLTOCMNIFWVOVJFNISJBLGVPATTHCTLIBA,5051
995,NNNVVVMQJJMMEEVFVEVVGVYEVNONCLEEQSMGVQKX,5083
996,AAXAFFJAJAARYAYWWATAXXAAJMYCKKMUNUMYMDAC,5098
997,NRRRENMBXNYNHUCCCPXGAPCJRSRYJSYPLLPESTNT,5033
998,SXSXXXSEUXHDXHHQXJQFFQSXOQSSTQQTDIHXSTGJ,5094
999,ELFLFLLILASLLUYLLCLSLFYLUFNLLRSYLTFXLDEL,5169

N,Number of runs,Min,Max,Average
40,1000,5015,5491,5107.59
