0,XRPRNGRVVJDFVONFXVROOCFFDUUXMDJPXOR,3881
1,CFVJVJVVVCBFIVCBCMVVKSEVPPGDXECVXVV,3939
2,AAARRKCYMMKSWWGKIMNSNHGSKAQSICNEKER,3879
3,MMMMMSHEMSRCNJYNJJCJBMSDAVXDJJOAISY,3904
4,HFEFJEEJEEEYYEJEEDFEHJGDHBBAEEFPJYG,3961
5,DADDDDBDBIFFBDNDDDDTEXXDDADOGDKLDDB,4032
6,ARGGGMGGGRJDQJGRADQGAGDXGIPRDRQMRKX,3932
7,RWJWPPETFCTWTULILVVKTUIUOVMUFISQUTK,3866
8,RTXTTRTHTEVRTITRIIFIRHWIIJWXINRIUTV,3926
9,RRRUGAOIGQUGRUIIRRUGXAUOOAACRRYGYAA,3936
10,TTTTTXPTQPFUTXHLWHPGPTTWVDULFVVEXDU,3926
11,UBUUUBBCBBNLTLHHUONOALFNLFRLACEHOOT,3903
12,UFFMFDUAFKFUAWTDPFKFPOFDEDAFAFRTKIY,3916
13,HPIMMHMMXPMHRJNMMCMHMKMHMMUCBJRGMCM,3971
14,VLAALXHAQXLAAALXKLULNLQAKSATAKCWIGL,3914
15,CCCCCOTOVDVXMTAJWNFWWSODPWGWWHWCOOJ,3899
16,IIIIIIIIIPUIXIIMTIJIMIMCTIMIRMIIIIC,4184
17,UEGPPPQPPYFSYUNPYHGGUUPUQSPPKIIWKWO,3907
18,HHSQSBHSFDCSCEEFOSSXSLEHFXSTIXSTXXF,3909
19,PPPPPTPPTPTTHPTBPCTTERMFXPPNHPVXULS,3971
20,NWYNNPWUNCYMHMMUMMNNYNMNGHCYONNMNGO,3963
21,CCNJNGNCHLHNUDHOCHOCOXGLHNLDUJHHGNI,3919
22,GGGKYYGGWKKGKDHLGGKAHKLHKKFPPVLGBNN,3934
23,LLGLLJLLLLLJLKLLXJDLQKIJALFUJCJFIJS,3987
24,AGGGHGTJGGCRCGPYGGGGCMGGGGGLPTKGHIO,4032
25,GYGGGGDCGGGRROTPRAMYHBDGPDRRDOYGDGG,3961
26,MSMUUHUBSSHEKCBDSKSHHXMIQHWXYWEYLHM,3879
27,JJPRWPRROJJREFJJJJRQGWHGTQGJRGVSGPG,3933
28,PYYYCIXIWYYIIYDQCYJWYVVYTTVHPISIJYG,3912
29,THHUJSKUUKHSFXDHKUWHDKHVHHAWWKSGFUU,3908
30,RQRRRFQJQRQPIIHHBIPYJHBXIRQBXAKVJHL,3901
31,OOVNFFWVFGFOFVVFCQVVMCIVJCCOVEFJOOO,3925
32,YYCAHAYITHNIJYCCICIAJIUEGAICSLCBQDC,3885
33,OOOHDAOOOOAEADMGNCOAQWDGLWIAHHFHANN,3908
34,RVVAUREUUKIICYYUKKIXREDVACIURCKVWUR,3908
35,PWPVNNNVRXNNRPXXURXPPLNNOWRPNPXNNLN,3968
36,OIOOOCFCORPJOJPFOCEJOCOCOYHKLKLJEAW,3926
37,YIIXYDYSXDSXXERDHIPDSSIXDJDRENXGSEM,3900
38,OLGMMLVAMAAGMKFGKLAOLOHQFRFGASYGLFL,3894
39,JIILIJIBYLLJGCCIJSURATQVUOQURSWKGVQ,3871
40,CCXCCCCYEYMQYYYCASCYEQFJKXCFUIFORET,3910
41,CWCCGCGWPGCVKRGGWXGGGCWGACIWGNVWXGW,3968
42,BBBABKBUAUKBAEPFEYQSABURESEPSXPBUAK,3920
43,FFFPPKVUEQFEFNFCXEMUFAEEEUXNFIKEQCI,3911
44,IDIIDCDIFPFDPPFIKDAKCDKPPBEJIPBPKBP,3933
45,DDUDNVDDTPUTFBVTDDPRSTFILTDDFDTFDDT,3966
46,HHHHHHHHHPAHUOPAAVPXTPPOXMHPPPXLQWU,4003
47,XXPXPEIIPVXPPIXQPXMIVAIDCHXPPGXAEXA,3933
48,MMMUITIMMNLKNKXOOMHAIIMMPNNINJTEIOM,3913
49,LLLLYYOLFIPOOPULLMLCXCJYAICMMOCOTYM,3904
50,HHBDQMBSDBQBDPDBDFCBMHDMRBQBTVMJASD,3911
51,OMMMCMMOOXKPKDDOWCMWSWAPPBWDEKJMKPE,3898
52,JJRWWTRWJWJMWWWCJWWWWJTWMJJDWENJFOE,3991
53,KKEYSUUUNKHWOONUOKNUNBISIBUYWESEOON,3913
54,PPXXFFIITBFGGTQDFMGCNDADHLAVIWPCVVC,3859
55,FQDDGPQDPJFEQKJPQGGJHGFEFNGFRFPWQRQ,3904
56,DDDDWEDDDIVWKRKVDDMYYDWDVVAVUDVEDVY,3978
57,FJFXATFPPJXPPPAJXPRPJJOCTJAPPJPPBAR,3958
58,IYRYDNVIPWLIIIIYLIMILYPIPKFLLPOITPM,3917
59,SDCDDHDSCOOSSODPLWHCSTOKELSASGCJJCS,3893
60,OVOBOOBXOVOHOTBXXHKHOHFIHHSOYBPHFFK,3928
61,HHHHBHCCHHTCHCHHQHFHHCGORGSHKGHLTBH,4006
62,EEEEQEEEARESEVPEQSRECEQSRSSGQMGCIGL,3956
63,DDAWAWCDDDUWFDJUJDTSFUFGDFFMTWFJWYM,3912
64,KDFMKKMDSJDFCDFFFKKIASFUUPPAGMKKKPR,3917
65,QDQFFFQFNQMQQQFNORNQNJQWTDFUQKYQBMU,3927
66,GDFUDKXDNGQMNDDYYDDKBKDJUJNGEDWDDDN,3933
67,TTTTQFTTTFFFTTFJTLHSMCQFTBRHCCTBFAA,3973
68,JTTIJSTSJUOSXSDHNARUTUSXDSIMUUSRJSE,3898
69,ATAYYTNYIYYACYAYIAYYAOGYTTAVFYYYYLH,3995
70,CCCCCCIOOICOIDGOOGOOJTHIIROITIFJBTC,3957
71,FFFIFFPYTIFOXKOAIIIRFYYKSYNSAIYFISA,3925
72,BOOOOOQOOOTUBROONWOGQNEOFCDWLRETEWO,3960
73,OOEBBPPPOQQEEPQPGPBQOYNBSQQLCLENFPP,3909
74,SBGHIGGGOWSSWWBAGYYGWGGWWSQGGGGQYXG,3971
75,BBBCRECBSCSEYBBDRBBBEFKNCBBBBLEKSBB,4006
76,CQCCCVVCCCCPQCCCWCCCQQFDPAPJCBQKQGC,4018
77,NNFNBPKPPNPMCNIKILNJNIBQISXXIMMKPWR,3886
78,JQQJMQJJHHJQQYJJYQMQJJBJJQPQDGBURJM,3976
79,IBBIPLPIUPILIIMQBPPQIPLBLDHIJQOLWKL,3906
80,FICFFFIFFFCGBNSFUFCCFCOCUXYVFJTKKSW,3924
81,XVVLTMPSPVMQLLLQKMVXPSWULLVWKPRQBBQ,3894
82,XHXXEBVXHDHTTTXATFTXVTJQBHVPAPJPTDT,3908
83,MHKKKCCMDUKKPHDWKHHPOOCCCUCGFCHCOOC,3932
84,CCIHHMCNNXVHYCCHGWLFXHCRWHQGMIWVTMR,3881
85,WIIMPMMXMMXFFXKXMYMMCMMMWXMFXEXLMCO,3971
86,CCCCCMCCTCTCGXWCXTGCUUUCEBCMWUBFTPG,3969
87,IIIIIIIPIPKOQOOIEOEHKQIOIKIGXSUAEQO,3970
88,CCICICOCBCCIMACCLBCKVJSVDKVCWVVIXCD,3937
89,CCCSRTRYIGOSFIIHTGFGUOIICYJFYAXGYLI,3880
90,KKVKKWIKIKKOKKDQKKKLYSVCDDGOKGDAKCO,3965
91,BSBMSBOOVISBORCBRGMSIOYXJYSLNPBRROT,3888
92,BYITYBYTYYBNBYVNYBTYXBANYBIJYLIIBRB,3952
93,NNNXCCSGGMJGXXCAGRXYXJGCNPNGXHFFNJA,3902
94,AAAAAAAAAAAUYAOBABHYAAYAWJAAYVOAAAB,4220
95,SSSAJFATFDSSVSFSFFBTDOVVOSTRNHFVDOR,3910
96,OOOOOOCOOVBVBVOVOBOXQVVOOOOOXWVKVIO,4086
97,HVUGUMGGUXXGUGUUJJGJGWBXUJJHVJGGWMO,3956
98,VIIIIMFKIYGQILIIQEEBEBGHLMEBSIIFQII,3951
99,PPPSPPJGLACAPDTDGEDSMTNVRRMGCDHITRA,3874
100,EHHHOBKYJHHHVHHBYSYYFEMXCHBHXLIAHIP,3911
101,VVVDVKVRLKVELMIIRLMPMVFVRQKCPKSKDDV,3915
102,SFFOOSJEBTPOQFBOQQQFQFTEREOFEEWXLTO,3901
103,HHYHRGHIHHNLPVGNVYCPHXDHTPYLDGPHKDC,3897
104,FFOVTTEXTQUQQYFMTOXSAVESBOWQULURLEP,3864
105,QEEAEAPQRANPPBQEQCRQBARCMATEAADQBAP,3924
106,PBBLUUBBBBPBBUIBUBUIUUUWCPNBCOPSUWN,3982
107,XXKXGXXXXTXXXCXXBXHWKXXQKXYEXXXNYYX,4086
108,TGLAGGTBGHNBSWCPHEHAPGPPGHSLAIUNGLQ,3890
109,NNOVOBNOVPVBLIOPNOUNPOPBOCVTLPXYUJJ,3901
110,RRRRLPLFFLPLRIRPFPPNLUVLULLEKEIYJPC,3916
111,PVPPSMMSGMPMLPPMMFQPPUQLPXIPQPXTPWX,3942
112,IRIICIIURSCRCXACLMCVCSPAEOHYDCFOPCH,3877
113,GGGGGGBFSSGGFGGBSIGYWRGHDFNVABKHFYL,3951
114,FFFFWFFFKBPFWFUAEUKVSPHSFBJFOKREVCW,3924
115,RLHHEOOETEWYNLYCECEMTCROBYBCCATLNNE,3886
116,OOCOPOMMPOOMOOXMDQCRMFASKVRORAXCDCV,3910
117,KKPPPYTKWYMWKQLXLOXYGWKLYWGIYOXRCAX,3881
118,XKKAKAEPEAILBUGFBAKKAOOMQWWMWOXXLXX,3891
119,LLLWWQPLOLRUVYWVJWLWXUSLOLLRLLWKFKT,3933
120,FFIIYCKCKCYAKGKNUWUKGIONYRCCROIAAEH,3888
121,DDGDDQQTDDDTXGDGXDEKVNAXRXXGHAQDASH,3922
122,TBBTWBTITTBVBBJOLTJBLTRECJICBBCCETI,3935
123,UAQQKOSAOHRAWQAKUIUAIXOTRQCLIBACXST,3877
124,SSSIMLEHHHSHYHHVHXVIHHYKVSMJHSLWVLS,3933
125,FVVVREVRUQRFMJKQRQVVQYRQRWLDENIVQRT,3909
126,UTOUTROWUCWOLOCRSAUUCCCWICUTSCUOONY,3920
127,HHHKRBVRWRIHGJHYXYLDHJDAKKETOBGKTBL,3868
128,ATAAAAOTTAMMAVAOTAMVOVTPAVTVARASOCU,3969
129,HHUCYCBHAHAKKAQACAKUAVWTBHVCHXQHHHM,3916
130,SSSQSQXSYSYQQVSHYBSYYYWNSSSPQFDXSSM,3964
131,LXAAXMNANMNNAANQCMAGNNQOFNIHWHXXBNE,3909
132,YYYYLLLJDMLHMLOYYJLNSYLYORHLHLRLUON,3950
133,MMMHMRRRMMYMRMMHSMMMBMMMTMMGMMMEVBM,4134
134,HPPVPDUUDPUTDPOIUDUOEOCDPOCLOOPKDDO,3924
135,QQQVLWOTQTGQQQHXVQQXXCHQQVQTMVNJHRQ,3954
136,BQFFKFFYRYDYHODFFYFWBCKSFREEFVPPGLF,3895
137,NEPPPCENKSYGWSECWUCPCMKKNVCUPCEIHOP,3889
138,SSDSDDDDKXSDDGDDSDTDMDDKSSDDHOKKHSL,4029
139,HVHHNVHQHHQUHYINNFYVHHBIISIRKVYIQHY,3932
140,LFSOPFPFTCRFBFBSTQDCAPSKUNCYPTSPNCW,3873
141,PTWHWWWWWWWVFGWWQBTJMAJOGWWKTOGTFWB,3979
142,NNNNLLMFLFLNLLLLLLFMNXLPBQLNJJVLDMF,3997
143,NJIJGLAYFHJOOLGGFIHRJYWNNXFJJYQXFYY,3886
144,VDVEYMFSMWVYWFFEOMVDAUAPWDADQDAYVQM,3890
145,MGJLJMGMKMJLLIGGLLJLLTFLBLBGMLJLLLL,4007
146,XEEEXXEFFEPFQSXXYJEBXXISEXWBXXQJSRR,3936
147,BBCDCMDRECKAHAKBEMFXJHSKHUWEAUCBMCX,3870
148,QDDKQMSFQQSDLQBDSQKFDPABRVQLDSQFQDP,3924
149,OPPVCVOUOVOOUVUUOXOJOVFOQVQXHWBCMKJ,3908
150,MMMMMMMMMMMMMMJXMRMMTNMWPLQYLRCHMTN,4195
151,LLBNOOLLLKGLOLBLLRLGWPPLLGKPBNNLIKB,3966
152,KOBKUHKKKLKKDKXUCJKDIPKPHJJKPKLKQKK,3978
153,JJXQJHTXDWNDYXYJJHXHHJMKJJRRWWJSNSF,3902
154,VMMVVMMXVXTMMVMMISUQESGYKKXMIEMQEMP,3938
155,WWCCPTTCGEGXPCTNXAAPPVTCHTTYEGTBQQL,3889
156,AAAAAAOAANAANAAAOOAMAROYOAAAOAAIAXA,4191
157,ICIIIJIIXRIGXAIRIRMIISYGHRCPWRLROLN,3917
158,NNNNNLINNHRNNIINVNNACNUNMOFONNNKANF,4042
159,OWWWPHKVAHWWOPTAHFKWTPWKRNUSMIQPMIU,3885
160,CGJJGJGXXVXGGJFSGPHOOJGJKPTNGPSPXWX,3910
161,HXOFHEXWWXDDFUXSXDDHOSFERSMMIXOGNHE,3890
162,VYJREIRIQNYFVIIISIMGJPIKYIGIQIKINMQ,3915
163,VVBQQSMMXYXXQVSSQVVIUXVWIINSXCQOUVI,3899
164,PATAHHAHHHHANHMNHAAGXHAAAPANTAHAEUG,4007
165,MNMPMMNTMIONJMIMOMMNEIPKPPJDPPNNHIJ,3928
166,YYGYHYHYAQHOOOGHTQRIORDIBSGBOIPODJI,3889
167,EGEEYYEIEHEREVVGHCMEEEEECEEAUEJMVCE,3996
168,SSSSBUDDSSSDSTSEJRVSSODUJOBPRUTXTOK,3936
169,RRRRQQUMRMRHLIIPTUILLURUMWTRSJURTJB,3914
170,UUXBXFUDUBTEEFXEXUSXLBBDBXDUFUDBALR,3918
171,DDXDDDDDXXHEQNDDMBXSJDDDDIKGCHLUAGH,3962
172,TTHAASTHPTGLAASTMHHAUYLTAMPTASPGYTP,3935
173,TXXBXXRXTXIXTXNKFWXBGATBWXBTOWFRKQT,3927
174,OSSOOBBBSKSPCOSEQSSRLLCWOOAOKSLHNSC,3912
175,CLULLLVCVVXLLWYGABWUVAWMVJALUQDMCQW,3891
176,HCHIIIIYHIIIOIFRIMMMMIIHHHALHIIEOAO,3987
177,GAOXTKTQMCATTOOCOOPOCGIOUWTCGCTQTCO,3920
178,SSCSIIACKSQUCUUSFTIOTOWSSSTBSHPSSXS,3917
179,OOOOOONINICTHCDNNCDRCDNERNDXRAHQKON,3933
180,WWIIIIXXHIMRTAXBIIWXEMFHIBLAXMEXIHW,3922
181,XXAXRJXXXXHFVHAGVIFXPYXUIELXGAXVXHR,3931
182,YWWWXWYYENGKWYWWMWYTNTWGYETWYYWEJYW,3984
183,LLLLWFBLLLJEVIORGLLJLLOLUELLLLMLBSG,4032
184,RHSRHPRRDRHRTHERSSDRSXPJEDJDBCGRPBE,3912
185,DLQRQYYOQSASOQQOCDUDCSQHKJUQUUQASKS,3901
186,JUUILUUMUQUICBAULFTJEIAMIFWIUSBAWNI,3895
187,YXXEXVSYXGBOOKYXYROIBXYBSKGGKOXKUKK,3904
188,TLWTTTXVVLITLVIWTWCIIVTLTCHPIIPRJVI,3927
189,SNSSNXNXNGSNGNSLOOOLKWSNSXCNNWMXKVG,3940
190,NNTWTTWWCSSWBNOONSSYLSSWBNMSTTBVFNN,3924
191,GGXGQQGGGXQDGYGUIXJDXVXUGSGXQLVXDVK,3933
192,RXRIRIIJDHWHRLXXDJEGEIDLRPVIQJPIHII,3898
193,EEEFFBLXXCLJCLETLBJLBQMEWQGUAUHGUHD,3885
194,AABIWLIJOJJLLWLKDWWIAWLPBYJAAPLKTYA,3905
195,MMBYBBKPYYEXMFBBPEXJPNBPBNTKYBXBSXP,3914
196,MAMANXMNNUGMLAFSNRFAIJMAGDLFVRAOYMN,3884
197,JPIUUQUPINDMOUONUUPMIRQUGRAOKLMEVWW,3879
198,FFFFFYSFFFBYFDFUBLHDTMYRFUQMUFQPFIF,3962
199,UNNENYRNNEKFWAYAQFPLRVREFAFLOLLSSSC,3876
200,RQQFEQAQHMQQQMQHQQDFHANIIQMMDUJEXGQ,3933
201,HHBHLGHQKNUKCLHXOHDQCGLKYKHOLMOLHJW,3885
202,QBQBBVUUVFFYYRKEJVRROFROWEAEQBVVRFE,3897
203,KHHHKYHHTYTFHHQTDGTEYATTHQKPHIDXOAY,3908
204,BSHSUHEHOUMXBQBMJOVBSDHVWUNNMLNPHHA,3867
205,UUUUUUNUUUUNUUWUKUINKUTTBUUCCUUUUBC,4165
206,TTIITKITICTNIPOITOIKEPRKXYSYTIXLOIO,3921
207,JSCJJSESJEEPJCJELVJLJJINRDWRFYAXBER,3890
208,RRQQQQVQRFFMJQQTWRWTWWLQFTCWQMQWCWT,3945
209,NNQEXIEPAMQVMVQXAGIPMNMPMQDALYTMQKN,3884
210,MAVVVCWJVMJFBVAVWVJVVAWVFAAVHVVVPAV,4002
211,WOWWWCWPOUJOWOPWJOOUPYOWWOUIOISOKOO,3979
212,JJRJJRJTJJJJWRJJCCPUEJRRWWCCWDJJGUD,3997
213,RRIHRVIARNQNCMQMIHRWELRDWRCIBVILAVE,3894
214,MMMBEBMBCCCMBBRBBEMKREXLUONLHMNXBXC,3920
215,CCHBRHJCJMKMHFEPAGCRTHRHLMGWVKEGRKM,3873
216,VVAAVVCVVLVHYVAIVVVVVRIHABLSVVLHVFV,4031
217,DQDDDDJDUDDLDQDDDDQQDDDUGDQCODHDDPF,4101
218,APXAXXXXPUBXXMAYXAXOCACFBCUXFBUYOYS,3934
219,NVVVPJAAENWNNWWNNANYJLNLWVJCNJCPNFA,3927
220,VTBTCYTVCBKBBYQLJVWMPTBFTCUAVCAAGBF,3883
221,LLMLALAAIGTAANFTDGDBBLQTELLAAFWQJEY,3901
222,LGGLGLLYEHGTWGYHGIYTWGKITSNRPLNLYYN,3909
223,CPIMMMPLGEMIRBBPMFMBPTPBFIMMPCUJGME,3917
224,DHLVGGIGPDDDFGIIMJQPGWIDDOPYHOVGPCD,3896
225,BWWWIQIYBOFWFWMCLIKWFRLFWIPRICQWCQE,3906
226,UCHWWWCJJCWJRNWJSJBMUWGWWCJJBSSCWMW,3944
227,YAASSARGUOSVRNDTGMKYPGDVSSDDSRRVYRO,3881
228,NFNNNRCCYRHMCYTCYCMVOCNJECVJOKCVMLM,3899
229,TMQDDLLYRQDJMVRVMVURQQQMQRUQNQMTIMT,3920
230,VGBBXBDTBABXBHBTGBBMBAABBVACBNCRNCQ,3953
231,SSSSSSSSSSDDSXXCTSBFOJSJBHSDXSOSSWH,4077
232,PNNCXSCCPXXCCXTNPHSYOTHBHJVKBPHCHSR,3892
233,EEEBEBBBEVYQYPYVEYNCVPLYHHOKVPBNFVY,3908
234,PPPDIIIJDTIFSMQVMDFQMAAGBHFMIMXISXI,3888
235,LLLSHTHFBDEHHLEOEHEELRPLRIYHWDHPCDP,3890
236,RRYRRRRQMRGLRTQQWKAWOSTGFPERTGBRGBG,3913
237,EIIEQQDIIYQQIQUXGPFNIUMIDGLEBQLCPDU,3886
238,MCGDGGCGGMGMGASCCDMGCLCPMBGKRSMMWAM,3934
239,KATDASDQDTETJYAQMSEQDQNYFQKDQJAFQCJ,3900
240,PDPFXHPVPXPTRLGPPPTPCQPGPPPQTPPPHEG,3991
241,SBSRDSCBYSYBDSSJBPGSRDSOICMRBNSBESC,3919
242,CCCCMDCMSLLHLCHQLDTLCDDCKLDKQCCHIDA,3947
243,PPPKPHXWBLUCPUCCDHVXCHUTDCXSPNSWCCX,3898
244,DDYYDHNPUSDXAUYPHONTPYANUUWADOCSFGS,3870
245,OCNMCJJNCHWNIMBEKOCIOCMWUYSRWWFCDJR,3869
246,HEWFHFEUQDELFEEHKUBFOEBAHOSUUEWNJOP,3879
247,GQKENCKCKEKMQUKVKKIMWDDKKKIIFLFKYVB,3914
248,RRRLLLRHJRXHKLHLLLIKRNLHLYJBLEULLAW,3943
249,WWWDDWDEWWHQDWDDWKWKRWWJKWHGMWEADWW,4010
250,NEREINEEYRYKIEWYETVEJGQRLIBNKEREQWL,3900
251,LINLNGLNNGNGMLNGXGLHPNLPLGGRDANNHSN,3946
252,FUVUFFFFFUGEOFUYFFGUFUYGSVUUFGFVUFF,4039
253,XXFFFFXNWFFFFERWXQYSUWFGTRGFGSPSFPG,3939
254,WWWWUWSIDUWQWWYTYUYWWSWWGYWWYQQOWCH,3998
255,UUUUUOUSDOCDOKUMIOOOMOOKLGULUOFCIUF,3960
256,HBHBBEPWWHHNHBHIJLEPHHHMHBBBBTBXHHN,3984
257,OFUFBFFGFFAFOOOLNFGPOOLUPGPOUUPFFFO,3976
258,NHNJNNVANNNNNIIJSEIAIVNDNVNSNNDNSNN,4049
259,PJPTTPCOCTJDPSCTCOTRPFQCJPUBTCKCSCG,3909
260,PPPTPTPVPUPPPUVGIPPAUAPSPPPCPTSKSCN,4011
261,VVAIWVWUHHBRVVCOHGWEAVMMVVEFWVJIYEV,3897
262,RRRORRJAOAIRJROJLKRKYRRLOKXMIHGJYRM,3934
263,FMMGMMGCDUDMGCKPOKWYAGXMGGMOYKOWPSI,3902
264,YYIPVYYPYCVLUOQPNVSIIPLSSOIFKLNTBXV,3872
265,DATATTXDJKXDAXDJDWJJORDAQXXYSDDEKGA,3906
266,IIITIGIIIWIGLIXIGGIPXNJBHAWIIPILWAI,3985
267,EEEAERSFSUUMEIRELIALAEGPSSASKAFEXSS,3910
268,TLYVTXYTVYTPCYOXYYTFRJYXVXYYDYTJSRY,3932
269,NUIUUNVNNUHQVNNIOQSBONFAFNHVAQHVVNN,3931
270,HHNKHNHIHUHFIJYHQNHVTUSOHNNHEHDVIHN,3932
271,NPUYTOTGBSTTBSSPGBANBGPGETTSNTYBEJB,3906
272,ICPWUUUPYJSUUWFXSXUSWPUSITUCIXXIPWS,3913
273,MSSLSPMSBBBOBBXUBEMHBMSNJYREYGBJXMS,3904
274,UUUUDUTUUYDYDADUUUATQUALUBEIUJRKYLU,3973
275,BBBMBTTLLWBDGGGBGMBVSBBVBGQGPBVBMKB,3962
276,VVVVWAVAVHEJWEVWDVWSKPOVBOORONWGQVN,3907
277,JJJJJTJXWHBJTQJJDILBTHXMTTHXFFJSHNY,3924
278,SSSUSSSSSSHSUSQSUWISTIHIAXSUYKXQYHM,3990
279,CWQCQQAFQWDXRXXDQCABQCILRRAARQFQRBR,3913
280,HHTRRTHEDEDDLWJLPDRALNKEREMKRRJEJAN,3890
281,HCYHHCYHBHXHHHHKXSXNUHQEKWKPHKCQQCP,3933
282,JJJJEJAEJJJLYEAJIKEWDEJFYJDTKEGOHAD,3934
283,LPPGLLGLPPXQKJPRPJPGILPGDGGRLQPPNIM,3940
284,FFFFBIUFFIFFUFFYWFFORFAFNAPBPJCBRDY,3967
285,OOOFOOKOOIKRYKSSLFOOOUOOMUOQFFOIAMO,3995
286,OTDTGGCSSOONOHWBOHMOWWGTWOOPOVOTUTW,3913
287,KKHKLHMTKKJHHLRRKGKHTAKAUBCGGFTDKTR,3898
288,KBHHQKMUQKQKCXHKDRQFHNLKHRLNHMNUMCD,3893
289,CCCCRQIDCCCRNMDHQHNHDRECCEXQKSQECNS,3938
290,RHHHRRDBWRWFJHIGBSSSHRWJDRCRPHNSFJW,3905
291,AADFFXRDDKHDDXFTFDAXFXFXUDHXDTFDTTT,3954
292,OMLNGGGRBMTGHGBJQXRXCUHGRYGEIERGGJX,3890
293,AOOOJOJRGWOOJOOJUAKLJWOAONJJTYDUCYO,3941
294,EEEEECEEEDEEDTEEEDEEGECLPCEBIGKLRCY,4053
295,CXBXXXDXXDXXSBBHXXMTBBLSSPBXGAXXBWF,3968
296,PPWPVMPKKVDQWQTATOARVDVQQGPPOPPPGPU,3921
297,BKNBMKKNVHBKKBRNBVVNGBJBNRKKRBBLNBK,3952
298,RRBSQSRSNSYJRCBWWSRSJSNYSSTWWQLTISS,3933
299,OBODDBOJYYKJDDDJBBOQSXUJSSQYJQKLNPP,3893
300,WWTTWMOFKWEJOAJCWPVWHJMPPCOJDWOJBWJ,3888
301,SSPSPOLNLSSKKKLSPJSYKTSRERKSKSWLNYK,3942
302,ONNRNNNNNRRIONAYENCMTRMNEKKYNYYRREN,3965
303,WQKPUWKQHYBAVQUWHAWWWWQSOWWYAQDYWCF,3913
304,CUXDCUDNCCUQNCXXWCNWXWICHXNQJIDXBQN,3915
305,UUUUUUUUXUGUUJUYUUUUNIUDKVHUVUMUKKX,4111
306,DNNNHNHNONNHGMGNGEWGDDNUNTDWONNDQGY,3953
307,MVVVVIMUVVYOIYVVYDAMWVIRBLIFRUAVQAV,3932
308,NULIYNVLVUTXNVBTJMNPFLVFNKPTUKWUULB,3882
309,TTQFUWDXFWKFXQUTNWVDKNKRKAGTUFFGUWT,3886
310,ARXARAAXAAXAAAAAXAKRAAKJEAHPAGXPAAE,4068
311,EFFFNFREDEFFHLMLOEEQEFLWRYKUELKFNEY,3913
312,CCVNVPWBNNCRNNNVQNONNSBCANYTSODMONG,3912
313,TRMMMECBEEQTCTTCCEFBCENQQMECXBUTJQE,3910
314,GGOEGEGERREIETLKEKLEREELBERFNOHSELL,3929
315,RRRFYPRRKCRFRDIIRGIFDRYQAMYRYCGADNK,3914
316,WWWOWWWDFWWOWFWOMJWWWMWWAMCWWBEDWJI,4056
317,EKQGUAKKUGQKUQULFDUKQGNQNMDJQOFSUQU,3907
318,LLXKRMMLRDRMLKORMWLGXTELXBILRLBXFUM,3899
319,HTHOOQYOTWQOHVBHUWYKOKFWGOIWHODEKPU,3877
320,GKGXXXXGSFEXFGEXXHKGOKEFWGCXXVFKRSF,3932
321,FQQFFQFFFQQQHFMHPFVIFFAKFAFHACTTOFI,3964
322,EVLLRWVBQLJVVQXREPNDVFJYVTLLVLEQJYY,3888
323,DXDDDMXHODQEJJVHXPDJXJODXXJXKVDLVDJ,3933
324,QQXSFMFIASKUFRKKNUURVSSUKCUNFKXRSWP,3875
325,LLLLBPLRHCDLBBRNPRBRHBOBBBHCRFLOBBH,3965
326,WDHFHEHDHHIHHNLIVHHEIDRESLECHLDEWDM,3920
327,FFHHFFYFCXYTXFYHCAYUYNFAFNFBNTFSHNB,3923
328,PPPPKPPPKPPBFCDFSTOPTODPPDCTFPARMWK,3966
329,TNTCTYTUFVFPYCCYPNPPFYVCCFPGPYPCNGJ,3918
330,QFBNQNQBQQQHRMMSHBXXQGGNXFBFFFNOCMQ,3908
331,EEECEEEIEEIWEEECEBTVAGEBLEETJULNEUE,4022
332,LMHLLUXBDLTXHSXIHCTECHXHKMMPLEWNSBP,3872
333,VVVVVGVGVVVUVVVVMVVRVKBKVLGOVCVAVGU,4097
334,HHHHDNPUPLNLPPGOPLISPHXUHRCOIONARUP,3899
335,KKMKMVXQMMGKMAQMKMKYTXKMCYPXGWMSHRX,3918
336,FFFPWNFETBTWPJOOEBCOFBPWFKAONJCKUAB,3890
337,RRDDDDCLQEDQJDERSDRVRJHRLRMDVJRFVRG,3919
338,JJHMVHMMFPJMMMPGAWPHDWUYXDBJVJUGHXO,3886
339,OKREOSOQLBONCSQTSXWDBXSOTRBDSRBYQSG,3877
340,GLLMLGUDDNGGEFGGXEDGCREMGKEDQMGELQN,3909
341,GNGCKNGGGGGLNGGKCGUGUVENGLPVMCLGGKC,4002
342,GGGGJUGGGDGSWGTUGLGNGLGTKSGJBGBDBTT,3991
343,RTSSIMSESSMVRTMUMSTSAKITMMMQSBCQTQB,3917
344,EEEEEYEEEOEWEECNEYEAECOYXXBEVEWCDYE,4033
345,QQYYYXQYQQYQQPQCYYQQQQXRGQVRHRLTVBJ,3975
346,VVVSSVVVUJGKKVVYYKXVVOVRRAIXVFQYOEX,3933
347,NNBNNNNNOXKMNMYNXTNBMWHGNQMPLGDNTAN,3937
348,GGGGPGGPFGLAMAFGGGAWWEGGAGGJSMXMLLS,3998
349,CMNUMUMRCMWOOMMMMAAMXCWHYMTAOAMDRTA,3932
350,DYTDTDFFOFCMYFMUSOBDDVYOHBDCYYOWDEG,3889
351,UUUDDDDLLDLLBDDDKYVUDGQLGDDWQLDLVOO,3979
352,GXHHHJGHHHHICJTPPXCXNHGMHSTFFDTWHBD,3909
353,PHSHPFPFMGFPSSVEPFIHLFMOQTGFPQPFFNT,3915
354,YSSSADIHGSQSDSKESTSKDSSHJPJCSWYDQHA,3913
355,INXQUPIYYIUYDNWXHPWWDYDVCPHWYHSRDYP,3884
356,WPWWWWWWWCWCPYWWCNACWCWUCWYUJJUCVUC,4039
357,JSNMVNBFUEFGLLPNBDLOUFVBFULGGEGLEQH,3878
358,VVVVVSIPYIVTIVTSTTVJXIIISBEJBYBSSYS,3935
359,CCCBBCSCCCWBTROCLFLCCTSHCCRMLXCVCCE,3974
360,IGEGGVGIPHGHSGOGSECOOSGSXXJMCSSMOIV,3906
361,DKDKDMTDERJYJDWDTUSDYYTTDWYDSIWDUTO,3920
362,HVYHVHHHLHHBUHHHHIUHHUFATWHTHTYNBIB,3991
363,LLVLMXMLJVBYYEBABMMYLMMBABXMBBJXTAB,3934
364,DCCICCCAGCTXCEGCJGJKGMIDKERGWRTAUUG,3901
365,FFSSSASRWRCVASPCGYSRRSPRSPPYOCACRIV,3917
366,CTVTTMAARTUPVPETPUTARXICCTJBRIWLTAW,3890
367,VVQQSVKUVSVNSVVGSFRPVFHVVSRKVLQLKOU,3926
368,YYYGLUYYGGGGYYULUKKQGYGKSGQYLUYYOBY,3990
369,KYDDKVKKDWDVYNVKYTVKOFKNANKNDRDQTUK,3911
370,KKDQMDOKDWMQAMMWDWMFMPNOUWFYPAPXKFY,3896
371,PWPFPPPPPFCKFDAJKCPWNWCLPTCUCJCCNGR,3920
372,WWYYLWLYNYEKYYKWWHLEXWOYQWYEUWAYEWP,3928
373,VVRVVDYMCKVKGLMSMMSHKIVMUMMYRFXXKVV,3905
374,RRRFGCIRCRRSVRGRCFRJJSEJTIGTMGWWRRG,3933
375,GYVEQGGGYMGWQVNHQHTOTESSARSHTDVUBEA,3869
376,AYYYYYAPYDEAPAYPYYYYADDGAAUCYDFIPWY,3997
377,WWWSSWWWFWYFWBVWBFWYNWLRDWNRVURFIFY,3947
378,XOKKOEXXOAJAXGETPKOXXTMROXRRDROMXUO,3913
379,HBHSQMMSVDHQHFHUFMXFRHHINQQSMHFQUFP,3895
380,QQQQQQBQQOQQQQGQQHQMQQUSTIDBQRQQIOQ,4137
381,TTTTSTTIWTNICIYTTNKDWPXWUCKQBTCPOHG,3904
382,IIIAIAVFIIAIAIRIIAIPIUIAAJGDIGQGGIA,4005
383,AAAFMRABRMUAUUABATUIQVMRSILUBKLILTD,3897
384,DBJBBBJBBBBLLEBBPVBWBBLBILBBKLVNLQE,4021
385,JJBJSDESQJJJJWNNRXXJBNASJFBAXNMXBXW,3912
386,FFFYKKFHYFSAFFFFSLMGKSGWHWYASARKEKP,3920
387,MMRRRHHCCWQWYYQRCWUDXRCCLVGNSCDDIBN,3878
388,AJAAOUNNUJUNVAQNOAVCAVAAEGFVYAUQSON,3909
389,JDEJFDWFAJJDNYDDRBESEWEXDXBYFRFBDKF,3891
390,AAAAAAAAJXAAAAOQAJAJAQRAAJJEAUJAJJJ,4161
391,BBEBBBEBEMWWBGYFEMBRFEBBMBPBSFSWEOL,3956
392,YDXXDJXPDDDXXTBXDXGXXHCJDXSXGNNSXYX,3968
393,XJXWXXHISXEXYEXUEEXXVXITQXHUSGJARUE,3918
394,CCEEIIEIIREKIEICIICVMTCCEFPFIMIIJCI,3971
395,VKVWFYWXFBWGXVCFGWCVXGFYGVYQGYAKVMV,3898
396,PCCKVPUNVPCNVTKUSVUUSSTCNKVOWTFKGUS,3907
397,YQWQYQWCSCMTQYKCYYCUYWBSYBCCQIYUYKA,3922
398,GKGTTGHKLYAFAALLTTQLTNGNGULQYSAHLAI,3898
399,XBXJBJJTTKCBKXTMBTBKQJGULMGKGQUKRQK,3891
400,QQQQQQNQQQCAQCQQQCWQHDUJSSCQSSSSMGM,4034
401,TTTATIVTAOTMTXTXWIWCNTIRATAAVCTCOVH,3934
402,CCCCCCFCJCCJCPFTCHCBEEEETCVTCXODPYP,3987
403,MMMMRRQMMOGRGSMOGBWMMMMXDSDSBEMLGGM,3973
404,AWEQSAPXQXCVBAXYJAWWSTVVSQQIOSSWAAB,3877
405,SAUAMAUUEEADJABBOBBQHCAUSGEWEULSBHH,3884
406,KKKKBNKKBKWKTKKKKKQYEWXYNNXWKOKRWKK,4044
407,HPRHHLHHHPAHXKPKTLCSHVLTLHHHAMMHNRR,3943
408,JJSJJSJDCSJTSLCSSJIDJPCJMOSSEEESEPV,3945
409,DDTDBUTHUDDDUHTKOTRUDBSDKTSJKDDTDUD,3965
410,XIXIXHHXIPHSBBUHXAHICCNFXUPHOGITQUX,3897
411,GGGJGXMXGSQAGGQUQGSGJUQGQSNCPGDUGUG,3958
412,DDDMQVWULQUDDTQQLLWIDBHMDWLWJNDBMDL,3912
413,AAAAAAAULGAABCALAAJGALAULJAYAWAIAFG,4063
414,IQIURLIRRQIILXIFKXRKBRNCNRFIREIFLUN,3911
415,AIAAGAVOARGGGAKGORGOKQQEAGFFASWDGAQ,3925
416,DDDDDDVVDYPDUSLDDVLDPNDADQBDWDBAVLD,4012
417,DASAAIGGNIAINKBPALOKNDQAMIEJCQNQKIA,3880
418,DSYCYDYDDDVDQYDJXHYDDDDDDVOYDQAVMDQ,4018
419,POUMOTTGGMCYLMLKUTLCAACRTPOCYGUKLJL,3886
420,KKKEKUYKKEYBUFPLWFOLODPYDSULVEMBQMO,3884
421,KKLLDKBQWKQKCACKKDIIEXKBEKSQVEKOMEQ,3903
422,KYAYVYKVBUMVMYYKYUMKOTQKMOVHXPUVCYJ,3889
423,XNXYYXXHHYXXXXWYXXOXXSXGSVPCPXGIYXP,3988
424,YWWYBYYYWYHUYUBYAYBEEINMHJYEYBEUFIE,3936
425,BFGFWFOFBBOFJNBOFBJKQFJOYOLXBYNNILO,3908
426,JGHEHKESHDFPXMFSLSEMHSXESSELKWLRSHM,3893
427,FTHHHWHWYLLOXILJHDWHWFHNDNTWMNPUNAA,3886
428,XBBJJPXSDBGJVYGYSIKMJYEXYXYSYFTBKXW,3877
429,XRXRPRTRRPXIAYXJAPRPRHQXXXAXIRPIDNR,3937
430,DDDDDDDBDDBDQDBDQGDNVNNOOONQFUJUKBD,4009
431,BBBBUSUWQWSUKBUKDAUWXUWCWUXWXQOBMSW,3927
432,TYDTTVVOJRYHSTTKTSTTLDLOTMTTHKTTTLK,3975
433,QQQXXXXDLXQKOXQKQQRESQQAXPOQEIRKWOE,3932
434,IBBSAOABABORMAMASMILLSWXQIBMLTMMRIQ,3899
435,FFFOXFJQFNQRBUWJFBUYMLPOYEAYJIOIYFX,3874
436,DVDKDDAEADARMKAGNARGADASFCUITDTAGUD,3908
437,EEXEGWEDDDSDXEDEHSNQEDDWDWXSXOMEDST,3937
438,EEEEEEEEESGSMSFKUGLGSEMKEGTSEMEYASF,4016
439,UXTTYTYCCCDCTOTTCCPTCTEETEXYCFQCYFT,3952
440,KKKKWKKIYXPJKBFWAWWKMKWCOWQQUQWKWCW,3937
441,UUUUGUVKIUUUPCLUUKGHIKUGDJISAKDUGAP,3947
442,VVGVGNUVVNFDUMRUNHLHJGDTVHMIIHVTVMI,3902
443,YYNYPRNVNSNYNCECCNCAARHHCCLOVICNVNE,3920
444,SSPLSGFRKSTSSRBSCRSTFSSSKSHSKFNKSPG,3967
445,EEEAEEEEEEEUPEUMEETPYCTMECUEWEYPNPY,4040
446,DTDDTTTTWFTDDTBTBTFBTTPFFPXCBDWFRTF,3985
447,TAWAUGAUAISRSSAURURAASDNAMSJBLLSRLU,3902
448,ESBAAKIWETFAIFASESITAEISVNDOKWFEWEK,3892
449,FFRFFOSFPAROIRBSBFAFCSYRCSOMUPJIBSG,3893
450,JJTTJTTJFAQFTJQJGSMFSSFJIAJNQQNJSIT,3927
451,YYYCCYDYTQYQDIYUJYYDJSDYYXQXCNSDNQS,3939
452,XSOEFEEGFOMOESFPUSSSSBFFTNBQMEEULMO,3901
453,KNKVWNGNDDTDAUBNTBTTKTKINNCCDRBJRNN,3894
454,FEHIFHEAFGEFFOGLSWYEHTFKVMXTFOJEEFD,3884
455,NCCCJNCJXNLSJUJNWLLFNCCJLLGJWPLCUCC,3945
456,BIIIIBIBBLIIBAEBBIEOBISIGCIGXXIXBQN,3976
457,QDXCMRQRDHKAERGQQKECEXQIDGKXTGAEBND,3873
458,OMMOMTMMKKQMOMLTMMJTVMMILMMUTEDOETQ,3961
459,XXEIEXUBXDXLIIBBXHADMUBFBIHIAIAADTY,3901
460,UCUGRRUUUGUUCUUNURGUGBRUHLFUOERBMLC,3961
461,LLLDLLIHLAWLOULLIIOMOXLLYLIDNXLCOLD,3966
462,BUEOWUUEVUQOXVUEWWEQOHUVQYQRSUEHWSV,3908
463,WWWWWWWFRWXWWYXIXUIXWEHWNFGXWXKNDEW,3996
464,QVGGGKVVBGVKGGVTVGVBGHHKGJVVVRGIXSG,3967
465,TQQTQQTWQQQQTQWRTGQQVQPOTHJTHJEQHGV,3983
466,LRLILLRRLRGRIGCLVIRVTRFRLGLBLPILGRJ,3950
467,KEQQQOQQQOHHNXQQLOKQQBXRNOXYMJQHWDQ,3936
468,LLLLJLJBLLSAYRRLVBLLLSLVJTSTEBLJLEJ,3998
469,CCGCCCGCCEROCPECQYVWEVGTLVVNAEEUICE,3912
470,GGGAGAGGGFAGJEALGALCLEAALWLANJAGQLG,3984
471,OUVPOVMVGOMOMUOORDORPUUEMMXUGCNDXWU,3898
472,TTTTTJJJTANTAUBTWNTTYTKKTKCQTTRUTTF,4007
473,TYKYTITWIWWCEVEVTYCYWSYYGTIEYEMMRAE,3898
474,CCCCCCHPNOCHCGKCFAHTCCPWCOOHYOCOJAY,3968
475,GBGVBWFUGGGJJDJFJOUNNGJGGQQGDGGPPVB,3934
476,LLLLLLKDLLMFECLWAIBXVKIWLKWWKJLLWLP,3966
477,BNTBTGFTHTBGBTPKXOIBKTHEGEVNPKEPHTO,3901
478,RRFRRYFJRPRWRFRDNMRBUAQRNRDRPHRYLAA,3936
479,RBYBBYBIYIYYSYTPYFDBYYIPBTTNRODYSTK,3933
480,NNAKKONNTTUVNCNGTVKAUVCAHVYJQAOVUPQ,3885
481,OLLRVILITLLCGYLCICIQJIXOLISOMCHSRSU,3891
482,CEOQACAOOABIOQRQYVCAXCCHYCBCRYDXPCA,3897
483,NCFCNCJFNCCCCUCCFPCUCXTMCFCTQCBCUKF,3990
484,FCVHLQWKQQSSKVFNCQWLWKYKGGWFQVQABAQ,3888
485,OAAWVAENAFVWUVWAMOADOQKAKKAOVQATAQK,3914
486,YYYYAEYEYYEYRWRYLEYYIDYRRJYYMYYYRUY,4056
487,MMFNEMMJRJMFEEFKYDEPHANJRENFGEXEIAI,3887
488,PBPPPPAPFRHPTOTXPOOXPEPPROPAXIRPDVH,3945
489,EIIESIIKSEPSOLERDPTDIDISIODJOIEHNBB,3899
490,IILIFILWWJLCWTIJCIJCCJVLXYSIXUJGIIP,3905
491,NQNMMNNYNLYNPPLNLYSHQDLNENFNLNULRQL,3934
492,MMMMMURUASMMRMMPMMNYMMPTNKMRMPMUNFM,4042
493,WQWNNNNWYTRNWGQCWNGEAARRRRTGWAANCOV,3922
494,IQIQIVQIYSYXYQIBXSXSXXSBIPXGQEPBXTS,3926
495,TFCYYHGCYHNFDWKJIGIXCEJGBUWEDNGFSTL,3864
496,HHHHHHHHGOHHHHUHHXDHPIEHHRXSLHLXNHW,4098
497,NNLJLUUNUJJILVNLIQPSRUJSDNAPNKOILOR,3889
498,WCOCCYWJCIFDUUPEPFJTDFWVCTBDCBVTHEB,3873
499,KKKQJOCCHREKKJCSEFHWSRWOSYWEVYVHVMO,3880
500,LLQALUAVLFCUGKTLVVVQUGLGHFKKXLLLLOU,3920
501,BBBBBCBRRNBWSBYBBBCUOFBBBBAGBRPBSCC,4032
502,ACISFMMNNXMNTMMUNGGSNTANMINDGNFOINR,3908
503,WWWTLLLTVMMWTTUPWPWKHOPTEWPWPIDMPLK,3916
504,JJMVWVWJJJJBJIKBRWAJVOAJMXIBVYXAYPO,3917
505,GGJAAAQASAAIAIAQAAJWBOWKAAEQHANQAAW,3986
506,KKKKGKBUYUKKSBSKGNKGJMPUUURNTGCGXGP,3918
507,DKDSKEDJJDWDDIAWGAJQSEWDKQQRLJMUWQI,3888
508,XXKPCXXXSJXPPXXJXJCXSFOXIPTBNYBJGUK,3923
509,YHHYYRUIIVYRYTEYHMYRYYQYFKYURDHCYGY,3933
510,IIYIGIDQIGOEDKYKKQQDDDQVOGUCKIQJDXT,3893
511,UUYYYYYYUCOJOUOTYYKCBOXTBBSOYKWGYYK,3961
512,EEEEEEKEEEEEEGQWCAQEEOVGEEAEQFLTJCG,4062
513,HPRUTUHUDHPDNOYUHUOQUQHRORPOFDEHTUH,3914
514,GVGROVYVGKPKRGYCOGNGRYHLGRVOYRYYUVV,3911
515,WWIQQKIIWQLWJCOJJVKWCVTQHHCWCOGJFSI,3885
516,RRRRRROORRRCAYWGRCQORFXXRTDDOPXRIKT,3964
517,FFFQFSFOFWFDYHOTFJFFYFUTXFMJOJJFJFU,3959
518,BVTTTAAVAAATVJJJAYFAAJAMMJEJWARGTWR,3931
519,HBBBHUBBBBUKUTDWRHFNQHQBBHHBHIEHOWB,3949
520,VQJQGYVXRBRETBERFGVJYEBBVIYGBOIVVRS,3880
521,VVWWUVDWWVUUVWUJDVVWWDXPVIVSEQYPUTT,3924
522,VMMJPMMVJRPMMKDMMVYJJMMMBMMMMJMMPCJ,4061
523,ATAIAAXSSHITAHEEANXIGSXAIAHKAAWKGTX,3926
524,MIMWMMWWBMGEBGWMPEKGWGGWGGBBXOXGQVY,3918
525,DJDSRRXISRROJRQIOOIGJQDSNPKIGDDWPIN,3895
526,OOAWMLONOLVVPOVENQHNBOQSGJRHONDOWRI,3872
527,NNLILLHLISVKFIIKLLCTLFLISQKHIHOYXIK,3909
528,FFQFFFHTFFHGIHGPFHFFIPRIGLGUGAIDFFD,3956
529,KKPCSKWKOWOIYXIJYWPPYIFFDBKYWDKJWKL,3890
530,QQOMGMPDQAQQWYQQSWMGQQOQNQMOQCQOMQQ,3987
531,CRTTGTHGCLHBTQIPGHTNQTCNWWGTHENTTKF,3896
532,AAAACQROCIAAUAKPBDSIQURDDDQASROXATL,3906
533,AHHHHHHHPXTAHJDHHAHVAADFBANHXTPUUWE,3970
534,RRRHXRXVMRGYLVXFXXRQJXAUNLIUXYIAOHO,3884
535,XXUXCFGKPFXDXPKXOFSXXXPKXRPKYBXOXXW,3948
536,GGGWGGWGGGWSSLGSWMNNBILVNWWOGSJWGGB,3973
537,IIIUMIRRIGQFDJEDFIFICIDIURREUIDIKEQ,3931
538,GMMYDFUXMIXFUFUUNBFEMHXXUDXLUUOMUYO,3898
539,LKRLAARWALOAIRLNLVWRLTVRNGPQELNLLBN,3900
540,QTTLTTVLMTDGUTVDLUIDPTVPPGLITPBMQIK,3905
541,TCEGTXTSCQCUTEICXTTXDEXVXBGFCKTVVDU,3890
542,AAANUHJLRAMMPQQLGQYGHOQLLNELLRPRXQH,3887
543,VVNVOJUVVIXXRXLVVXTIVUWVJVJVSBJXIVK,3930
544,ICIMCIIMYIMMMDIYCRSDPISDBASSXIXTMNB,3909
545,HNSCNQNCXNMQSHSNHKSSVGMMXOMGEHCMMHH,3897
546,JJJJAUJSYSJKKFSSUKWWFSPLDJINAUYYAJD,3905
547,SEQHHHEQWHHJHENHHEAHAHNVLINVVNESWWV,3940
548,MMLMNPMPMXXMXOMXMRXXLXLRVMEMGNKQSDQ,3923
549,VVDDDFGCGVVVYQGYPDVGGGYVVEUNVADVCDX,3932
550,BKIIIBSIKPLPBQIBILTCIIWPBTIWUBIWBGV,3931
551,NXNSKNWHKNCOOKHRKHXTGWXWESFGKUQOWFX,3877
552,FKXBBALILLIBLSAWVBIVBLVAKDDCCVVAPID,3895
553,EEYYJEYYYGYENEKCGAODIFEAKESEGGIRKOC,3899
554,KKAPEKRPKACDGGXGLNRJACVKCVPLIJGHGVY,3877
555,QIQIQPPKQCIQPDTPXPRFQTTKYTIIGQTGACD,3906
556,SSSSSFRXAXJWIAASLSVMYWRQFQYQDMRQCWE,3891
557,DDWDWWWPODJWQWNWUUJHWWJNRNWDBJTFJMW,3922
558,TTTTCVXITDJTMMDTVTXTTLGTUGTTTHTVBIT,3995
559,DFFDDFPFDJFPSFBODDTFIFOYDYFBNFDDDWD,3963
560,LLEEECCEEECLPCLQMRFQLCLPUCUIPMPLLLU,3949
561,HTHTSTGHTSHSTSHSHSTPTOSKGTSPBELXDUT,3943
562,MMTMCIVCOXWMMYUCMFMWXKMMMCXPYVSMFFB,3917
563,EDPWDFWPWWHUWRWDWEYUWUPUWXMELRXOIWE,3913
564,XYXDERXRTRXMTXRRXMWXNOOOEYRTMDTOUWY,3917
565,FGJJWXEWKEMBKMXXKRXNJSKUKBMBVXNLMBI,3878
566,BCCBBBBNWBBBUNBBQOQSNUCEINEBBCWKLIE,3956
567,NNNNNBBKBISBBNKBBKVNIINNBBOQKBOONNB,4019
568,VFVHFFHGBWWFIKKTWTIVHCIIIIHMRHHSIFI,3910
569,XXVXVXXWEXXXRAXXEXRRIOXXXXBTVXXBRXN,4065
570,IIIIIIFVAYMOIAINDIIDEIIADGLIILIIITD,4044
571,SSNSSBSDUGSPSCPKSSWSBQRJIQKNVDKSIUS,3922
572,MRRMBCBCWEOJVOBBYPJWRMBCXTJEPJEYBEI,3897
573,NPNUNUNUQIPDNRANNDUATDNNULNYNUQPVKN,3949
574,CVVXVHAVFYVKVYXADVPXXFLLLFFOABEEOCF,3886
575,FKHXKRSQKKKKKKSRKJFXWJKMRKKPUFRRKIK,3975
576,XOXLLLXYUXUXXUPVEUXJVGXMUNSJJMXMCLM,3907
577,IIPIIIINIXPWQLIAWQPCAKGVVEHIWIMGDQW,3903
578,RXQRRXQFFQQHGRQRMQRXXQRHJURXRAWXRHO,3950
579,RRORRRRORROTTRTMFEOFRTALRWTRDFRNAUR,3979
580,YMLYYYMYYPJIFYMIYMFMBMBPMGKBBXBTUQM,3918
581,KKHKKDUQKKKDKOKDCUUHCCYHIKXQKDTHQDU,3947
582,KKXXXXGFKGOKCJXGKKJKMPXVXGXRXASHXOR,3922
583,AAADSTSPSKDSSIDKSSSGMKIASMAKSYLDMAD,3938
584,CYCKQCCKKKHDTSVTSEVVJCTKVVXVCSMCVVC,3921
585,HTTTTHHAINHATHFINHHPDKDXDVLMHHAGVYC,3914
586,NSSJHSIHYNYQHYYSUUQIIYRBNAKOOWXCCOA,3869
587,VMVGJSJEVCSRVMKVFMIKMDRSCSXAHGSXSCX,3887
588,GYYBYBYRACSCTSNCUNJCCCSCSYMBGOQIUGI,3896
589,KKKJKXTDKYUKSLIDUYQHSXYQULNKKMSKTTM,3900
590,HHHIHIMHHHHMHUHFQTHUGHMFTNUMNHHNHEM,4001
591,RROSFJFOBBRHFNBROBQNWDBBSMAFJHJGAHT,3889
592,WHWWWWMMWWCWWWEMWWEWMWXWWWWHWWTWONM,4146
593,KHHGGVVHKREHJEMNHHHJIEIEOVIKESVIOUE,3905
594,EAECXCXLWINLLEFREUCHUTBUECAOEUMTJMR,3874
595,WIIIIAQYMIQXFQQUEUMOFSVQYCOCIBQOFYA,3891
596,VYYWPWYKYHRVSOTKJVHTWJTSMWVUYKKMXTT,3881
597,IIIITGIJJJTIGAIOIAJIYAJYEIMYRTMJIIO,3960
598,FFFFFLFFFJFJFJJVFFEVFKMLUFPECXLKLFC,4008
599,QQAQKAAXWHXQCLXHMQIPKUUUCEHAQCEHUAV,3895
600,HHYSHSHKSHHHWKUHDSHSHSHSHWXMNBWVUBS,3970
601,LIMITMKIHIAKMMVTDHINHAHBDHSPHJKKNAU,3882
602,PDPEPHAKCCDKCVHPURKHHIDLCRISKDSCHKA,3887
603,BBBBRBAGGWRDRRIHRRBXABOWBWVAWDOYWUQ,3906
604,PPPJJOEJJAMFFFPPJVOPFEFYRJRJURLKMPP,3924
605,BBJQBWBBBBBBBBBISJWYIIWUTTIVJDKJPST,3989
606,MTTMOYKTYYPDOMWTMFTKESLYHWKWKLWKTYT,3905
607,GPPPPGGIILGIGKESGGPLIAIIGEFIPUBKJPU,3937
608,SXXSSWXWWSPPXIPSCWGBPSXXYIXPPIXEDXD,3927
609,QIQQQWTTAQQSQPPFNJJHAKAIPURQKITFQQE,3903
610,UPPPPPAUXDPKEBPEEEUUUSPUSXXBUVWPKQE,3936
611,RRXROKURKOCUBUXPUGMGUOLRLBYPVCOPUYJ,3885
612,VVVMMIVMAVVAQQVJAYHIQVITIFQJDMAMUMK,3910
613,GGGYYDGDYDDMDCDDBXJJDYMYDTLDPDGGYLY,3956
614,ONFXXXFXGGLNOXNGNLNBXXXORJVNSWRANON,3926
615,IBNNNNINUMPNOIKNGSIIPDNQWVOINEVNKNJ,3918
616,GGEGGNGGNNNGMGTGGSNMGYGTNGNGGSNBXNW,4028
617,AAJAUKGPOKWARPCPGGBEAJXOWPOOEAPWHET,3884
618,VDFVWDWDWWWVWEFQXWNKFDFWMXIJDVTVFSN,3905
619,RQWMAQMWKRJVSWRYEYQUQMIIELMGUVMLNUU,3870
620,STQTTSDDGSQWTDSUDAWQSMSXTODENBSTCTO,3892
621,RRRRPRRRYRROGGRRYRRYLRHRRRMYLRCELAB,4067
622,SOXEOONCFDXXOSCSFCCSXCXCSXLEBPQKQSO,3908
623,DDDIDDDDNDKDKKSCKDGWDDQDDIJQDWJWDWD,4042
624,KEPPPPPPPPPLRPPIXPDJPCUCSPDKPWCYPEP,4049
625,LXXXQXLYXXPXFDYPXMXRXDXXUPPFIYHLYIN,3935
626,DQQIQLQDIDQQTQDJKIDTHGIEDFTIPIDTDLI,3927
627,WHHHHHHHPYQYYPQQHKHSQQHHGQSHMMAKYII,3981
628,NMDBQBNBBWMBDBCEBBCBAKNQBCEVNBMCBBU,3960
629,KKKIIFFFVUIWUQFWOOSICNDQKVVSXSIVIQY,3888
630,DDSKSFYSTIQSSWKYWQDDFQSQHDSSBLXJKFL,3899
631,TTVDHVTVTBPTLFTLOLTPJBTBQQNPNNTHLTH,3924
632,XOEDODXDXDNAXJJBTXAFUDXEYWQERNRIBYY,3880
633,VVVVVOCCCMCLWVVCOECOWEXELYRXHSUOCQY,3918
634,PPIPIPIOOPIOIAPXIIAPRVNHGJQCBQLNPMB,3907
635,EEUUUEPQEQELPHGEHJPPEKEREUEPNCIEPEE,3956
636,GCCGCTVGSCGCCCRRGLKAGBUCJCUBESBOPCE,3912
637,XEIIEIKTHETPFHLUHEKDKTYWIRIAWXYIHIU,3886
638,GESBVVEIQANVLLRLGGECWRBYVBKGWDBMGGU,3866
639,HLDHCDQKDRBLCFBCHWQLDLDUQDWRTDCHLRA,3900
640,DDDDDDEKDDADDKJSXDFDLIQDDDFDAKWSFXA,4028
641,BGEQYIKLGIIIMYGGLKKILEKQEWFSQKTDEII,3889
642,OOOPPWPAWWTYWMCYRYYWMDALPFWVHJRWYTG,3884
643,IUUUCUURWTCCUCCHGCVCYTHUIVFCAUUUUHC,3962
644,SSRLSLRLVSSQLOQCRQBYQQYOYBBQUQVRCYN,3904
645,UYLLLJYLEUYYLJIILKYNHHIYHKILPQMQQYY,3924
646,BLXSXOOBCXHHXKLHOOHHHMLXEWOHFHJDOHH,3926
647,BBBBXBBBJBSGBXBTJJBCAXGVVJXBTHHFJHB,3970
648,EEVBUNJXJENJUPEEENEJJVPJNOFWJEPYXEV,3926
649,YYYJYYVVCYLBBVVVQYNLAVYPVBCPYBYVYQL,3953
650,SFFFKFJSDUFLSSFKQGFFSSIPFPFHAPBCSSS,3935
651,BBBLQXQGNBBBUBXHBBLUNLNLMGANLUJBBLY,3960
652,GYFTOGGNTYTYGFWJTIIYYOXOYGIYIEOFPTV,3898
653,JEEEVOCEVEVSGOVEEUGVEENGUUGWGLVEOKV,3943
654,JWWWWWWRWWWRJUWGWMKWHIAAWJXJWXFWAJO,3998
655,WWQHIWWWYJQYWQWVQWMWWOFFXSYWGGWWIVP,3948
656,RDRFOVDEDDNLFFBRDFBNVHFSPSELRVYYUDD,3894
657,JBRCTBTBJRTRYRRTEBRTNNCQTYJNNHBTRLC,3924
658,XNNNNFFFONFFNGFKJBFIFGNCFNGFFXNNFNB,4007
659,LAARWWMRDRJDRRSRSJIDSAOYMYRMSDRWWSM,3916
660,OQMRMUQCPMMNIPPNCNIWMQMVMNMQNWMYVVD,3913
661,WWTPTQQWTTTTTRVWWQRRWTQTFRKXTRVTUKK,3961
662,LLLLLNLNOQWCOLLCVRVWIHCLXILLODCTDLW,3947
663,LLMEEMUUVVEXCYFIUVLYUULEBEXUTUUUMCL,3919
664,QQQQQQYSQOSQQQYBHYAVYQOBQDQYLYMQFOS,4002
665,ERRRSREITNBEETIGQSBURTUMDRMBXDTIPRV,3884
666,QQGCAGAUGCIDLLGLGPGGGUHGEAAAHGADCAL,3940
667,GGIGVYIISRRYSBIIRRYIRSISRUPHGVRIESS,3935
668,MYMJMFAMMFIQMGLIFMLWYOIFUFKYBGYIMUU,3893
669,SHMMIKEKWMMUOTMWBIKNRMMGMDTIRRPTOEU,3885
670,IFOEVDFFFPIVRNFGFDFSFHFFIXXGCFCNFYD,3921
671,LLLEVVJJLJVEJVXVEJLIBLLXASLWVIIEQCW,3918
672,MMMMOMMMMMMUOMOMANNAUAONOJMAAXMMVVU,4036
673,SBSFBMGSSBBANBGNMTGSFPFPGTPEEPESUFG,3910
674,FFTKFFFQCWURXSNWSVDXXSFFWENQTSNRUFS,3903
675,IIICCIIFPTIIICGFWWIQIFNIIJNVVRSDCPI,3954
676,LLLLLLXUGLLLSKCDLLWDLELGEHLLPGLVELS,4041
677,TTTTTKEPTRPETPEAFRQUTJTTPPTTIVPTPMT,3985
678,BBBBKNGDTBGKTBXBRBVVRFSBDDGKVQFKGJS,3910
679,HHHHHHEHHHTTTKMTHRCTUKSGAPTHYTPKQHH,3981
680,WEWGWEWEAAUNGEGEWGPVWVNEKPNEFQGMVPB,3912
681,FNBMLLQDQQBHCFHPLMCLLQWLBHFNYIIFNNR,3895
682,IFIWAHLCVNBAIFOSIWWHACCNCLEWJYAYHCI,3879
683,HHODHHDDEHHNHHIPHHGEIHKHNIDHIEGHNLH,3989
684,KKJKKDKRRKKNNKQKSKPCMTQHGQKQNJKDKKO,3959
685,OAIICFAVNVNJNIOPBNYBAIREBIAKAJEIGSL,3873
686,IIIVTVKIIFGPYYIMCVSYIRIXQKUIIWUKUEC,3898
687,JOOQOFOOOFQOYDOQOOQSGOFOSPDOQSSFCAA,3980
688,QQVYCQQQQCQBBNVSXQLQWQQKCDQQDUYTVNQ,3959
689,GRQOOHWAWEOOLHOWOWFOKGFGGOWGYTHEOKH,3914
690,TTTTTTTTTBTPTTTTKTKKTDKTXTTTBBRTTVT,4245
691,GSXJCGYCGGIFFXPJSPFGMIFJPNFDHTDQCIX,3877
692,BKKEVEETVECUCVOOBOEUCVOEWEEKBYHAONU,3908
693,OICDWODDDOCQDQDGTOTDWMETQKGDDTBMQWW,3913
694,JJQQTQLLJJLJJQJJLLDJTALQJQJYYLEJAJL,4003
695,FFAFFPFMYKFFOKJOSYJFFCKOMFLAFXBLOBL,3927
696,OOADEOEOODADODWOORDCBDCPADJEMJYDJVD,3930
697,YYYYYYYHYICYNHHYWMYBRYHHBMBYXWOHYBA,3997
698,VUHNAAHBUNUNWHHHWOUYHWEMCDLOOUEXLTK,3878
699,KKKKKJKKUKKKSSBIYYKSKKGGKKKACCPJGKJ,4052
700,BUQUUGQGQQQGQQQQAQOGGQKGFFGFSQAFMGR,3975
701,NYCHTUHRJUJHNUTTUNTBTTTNBLJNTOTUTHT,3943
702,CSWWQSESESCSFWOOISRJFKDKCSSYSWFSABF,3908
703,CFWOJJOJOJOLRIJKJJMSRJJJJFQQJVQCCCR,3950
704,EPERJPPROOPKKORNPNRXCOOJKPFVOSNLRRI,3889
705,LVMRVHHMRRSMHVAARHARRLSRPAAAISASRIS,3939
706,PPUPUPPPUPPRRSPQDPPVPHUUFAXUBPPUIDA,3980
707,GFFLBOGLBLEMYTNHIMCMBSMGNSPMNPENRYS,3869
708,UULBUDUULPLUHXUULUUKUELUBLMNIMPLPIL,3962
709,BBFMBYBFBYBBBIBFFDKBBBBIBYWCIPFBFYU,4008
710,HHHHHPPPPNVFXIPHPHBHQVHHFDTPPPHKDBH,3990
711,TNVROOTKMOGTVMGGOVOJDGHTNKVVEWPNLGJ,3877
712,YYYYYTYWWMTTMKTTTYKQTTYOPPWPYQYWKMM,3972
713,WWTPRWTJGRKCCCMNTCWWFVWPYKWBKLAIRWW,3892
714,BIJJCHJJJBXJPJLCBGJJICJCGUXAHUGBXHM,3923
715,IIWWIJXVWJMJDXXUTSJTTJBIOTDWLWFTBON,3875
716,IHHRCYTHHTTHJAHCTFHQITHGQRHHRUJGGHB,3928
717,QQQQDMQQHJQQQQGQQHQHHEHHFKQHFFQGGQC,4044
718,DVPROBUYCACHDASDTUUTDSYTYYGPVLYVDWU,3868
719,YBOGTOUYMTGOUWRUOMAOUTWJOVGOANNAWWW,3900
720,QQURGGRJURQRGCSXJTRUOVSUUUAKQSRUQJR,3905
721,JOPLDPUJWVMDSEBQDHJTIHXPOSOVPOOJYUS,3860
722,RRJJJJJJWRIJJWUJWJJBUPYFWOVHJBUHCJJ,3997
723,NFWYDWTFDFNNMNNYMOCOWNIDWHHNNYINYIG,3921
724,PPYPYYACPYPGIMPKKQTPYTQPJYYKKPPUPJP,3955
725,CXFCCCCDCAXCCCOUOCACGGCBADCVDQABKDR,3952
726,LLHQRHQLBEUKHQQUQGLQLDULDBHBRGQQLDV,3929
727,AAVBBJVAVEEIRBATEBEBJENABEBBMIPEYRJ,3921
728,JQYCRTCVUCXYNCYQYQQVRUUMVSMYYNVDYYS,3903
729,UUUGSOOWGUWLUUGEMOFELFLOISULGMEOUGK,3918
730,VVVVVJYVXJMMVVVMVQJPLVXUSMSIQQLARVV,3967
731,DDKDODDODOODDSOUFIDDIEUIDDRDVDCWDVO,3990
732,WDWMNDSWNDSRRULVBENLOWWRDRMESBWRPVX,3890
733,QQQQQQOUAUQPQQQOQOFYQFPJNCQDQMKQJQQ,4031
734,LLHBHEOMLDOQXOLQKXMAQDHMEIPSWEOMHHS,3877
735,OOBOBBBOBIBSRILFEISBIEEHIQBIWUBOIBP,3935
736,QQQOQKTQTLTWQMHQLKQTQJDRQKQQHQOQYPN,3961
737,LLSLGBWWWGGBHWLMWFOWWCWLBLTKHTHMOFS,3911
738,TDJXJMXXVEBTXPOTDETXARFWXDQXOYCAAVJ,3873
739,BBTBVBBVPBKVPVEOWVVKKFSFEVSSTMMVCMV,3917
740,TTTTTTGTTDUWTTBXTJWUTJDWATCBKUDTFTC,3997
741,VVVVVKVVEVYXDKVXMDVEKUNDXKVVKBEXPYS,3964
742,PKKPKUWKKKASYQKKKURUKKKWDWAKKKNFPFK,4014
743,VTEEETSNHOUOOSOTLSNPHOPTMOTQXIOSTEA,3900
744,BBBTMMOOSBUSSJSTBMMOBBGTOMUHFUROMBU,3924
745,GVBBGGGAGGOPPUPGVOPGVBPREPNHBQSGUYV,3916
746,NNSSSSSVMISISPISWCXHSNNOSICAITVNGTF,3924
747,FLFFXFNEFNFFFAVFOFFFVYFXEFFOFNUFENF,4047
748,YYYQYBHBWBBYTHYBLQLYCBCTLAAMWBAWIYV,3912
749,CDKDDNSSDCKKKKEVBQMWOSKVKDHKKCVWMCG,3908
750,DDLLWDCHJWWHLHICDDCJDCPETBTRQARDLLW,3906
751,PPPPPBBVYDPVDMQPDNPDDPOBQNVVDNMDPVX,3959
752,DRTPDDPHDPPDDPTYNNPDXGDPDJGPLHDVCND,3948
753,JIBSNSIIJNJJJVNJJRAJQNIKISJKVIKYTNV,3916
754,UUUEUEUJUGYAETIRUUECUNENJUMFXNRFDUU,3935
755,XIJJBXSBJXYXXXIHHHXWVXXXUWHXXTJDVQW,3943
756,SYSWCIHISHSFRFSMUSCPLSKSSYYUSKSSPCY,3935
757,BBBBBEBBMKMBBXKXLMEXYKOBEVKHBOXBSLM,3960
758,TDTWDWWUJJUWMJOWJWNTSWDWWTWRJWDVWWJ,3966
759,INIKKFKFEIFIMDKFUIFUIFIBEXLPKDOJDKI,3917
760,OOOODWWOWCWOOWTOOMPOPMDCGACVHHIINVI,3927
761,CCCCHSCCCCGENPSCXNNGSEECCNGWNSCJYWD,3964
762,WCWPSQHWOCSCLMVPJDOCJSUSMOACOOVOFIQ,3874
763,VVIILXNIAIKOLWRSAEALAJWILWLNNNXLKCI,3891
764,KUIKIMHCKKKHIKAHMHAMIPAKMQAHUKHOHKA,3937
765,GGGGEGPGSSGHGEYEGLGCHOGPGHCPCHGSAGG,3998
766,SOWWWOLLWTILLGAOTMRAGBFSOWOWLFJOAWW,3918
767,YWGFWGGFGYWDYGGGUWCTUDGYFVDIVYUYXIV,3924
768,XXJJXWWJJJTXSSKJWJPXDHHPIIXRSWDXWKJ,3925
769,NNCNNNGYJVNNJWNNDKEIJYENNNNHENNJDNG,4023
770,NRNNNQNMPNBNBPNNNANPNPIPTWNPPITBNPR,3999
771,IIITLHEIMIHYHJPCDDXHPXRTSHTTIDYITII,3907
772,CATKCCYRPNPTKYDNDPQUVLPAPGYNPFLTKRN,3882
773,URQWWWOPJPRRRRQBRRBCHRFITRURLDBRRRQ,3961
774,UUUFUYAFMJFUUTVYBCNYTLYLWNPJAYVTLUY,3901
775,VNJGTHXVVVVXHIWJHLEUGIXEIYRUBPTHHFR,3875
776,IQNNQVOVCREKENURJNCGFRCEVEGXLQBVUVH,3862
777,TTPTRRDMLDLCATTDDMTDWTRVKCUIDBWXCWE,3888
778,YLSILXYSUGTSLDELDSFMKRDCCEGYRRYYURC,3874
779,DWDMDPBVDVNNGAACGDYAVWWLCDWVVOGCDCA,3893
780,ATUDAUTUBNNNUPDJDTVDTMBTUNUNTCJMUDM,3923
781,PFPLMNPFCMFWPMPMJMMFOPMFJIYRIFMWMRJ,3923
782,PQPPHWVQVRPGNEYXNLQOVXNNNYOCPLKOXCN,3880
783,LLLLXLLWFXLLXFCJAXMBLOLFMLLBLGMTFLL,3995
784,MMGCCJTCBMGMTACDWMGCJCMTDCWJCMWCWIJ,3940
785,SAHESCNESEEESKNSNBEKSNBNSEKBOHNBPNP,3941
786,BBBQSKBFUOMKMPKBMBLBIKKIBVKYMMBCMOY,3908
787,SKDSGSTSDDDTSKJAERCESITQJHGCPAJCPCJ,3891
788,OGOGOEJFIKPOBREOYJKEOUGQMEGEIGEEKCK,3894
789,APPNNPNHPJPRDPBLBPAYLOBEOPVPPRMQOPL,3911
790,DDDFFDDLDIPDDGQCJVDDLSLRWDDWROSSDMQ,3943
791,AJAAAQJLULCAUCJQJTCTIXAAXOMTYKAALYX,3908
792,EECIERPQETEQBEFDBRQBBQKKGERRRCBBCQN,3905
793,SSSSSUSSUUSSSUYSSXWUIGESXSSEYSSQQSS,4116
794,VVEVCVVCVCVHVCMWCQCFWAVWBHPFVDDWCPF,3937
795,LKLEENMEUULBULEUELKUELRULEEJXAIPWMT,3920
796,GGGGBIDOQBXRYDVOSBQUIYIVORYGVKVGPGU,3895
797,BBTYTWBQQWWTIVWKQWTIIPWJTSWBAWJMFUP,3897
798,QQQYQQQMYMOQYTWTQQPVDWGHVQYDBSHICHA,3912
799,PGIPFIVGNGMVKMIIRGFFSQGGMSAIPVWGHRT,3884
800,GVWWWWEGEPNWNWFNGWKLWBPVAWDNWWWYXGW,3950
801,PNJJBAJLBJPTPJPBPTJJVPWPDPBJPPFEJJW,3951
802,KKKGGTGGGPKKGGNNKVPIRTPDKKPJKTXVKXJ,3942
803,TTTCQTTTTTBTJCURKTTTTNDVSRSCVLSUOOL,3969
804,ICICIEICWIBDVIIEIIIDIGIDXIGEDVICEQY,3985
805,BBBBABBQANQREKSSLABRAAQTAATKBKPTKBB,3949
806,MMKMMKKHMHKMMCRCMMYQBNIQPBRWCPKRBMR,3925
807,PTPPTTTVYPNQKUTLNPNEYSKTTQPPPNUMTWL,3924
808,GGYUGTRMGGFVGWHBHGJJFFRGLWKGWUBJBWQ,3893
809,QCKYXCKQRHKFDCGHHHSSCHPPCFQQHKRSFCG,3904
810,YYYLYVSYSSGFLSYYYTFYSXYTYWJVKYTFYPM,3958
811,CCCCCCCYCCCCCQSRCECCEPYXCQYMLCCCIUQ,4118
812,FFJESJFJFVVJPFRVDDHEEDEJJJMYVDYEPFJ,3924
813,HHHHVHHHHVVHHMHHHARHOOHHAKJHHVTHORM,4114
814,YYOYKYCYDYKQNDTYDUKYDRNYVHYKTKYHNYY,3958
815,EEBBQEBJCKBWEEBHOLVLXKLBCKBLCBVNRKV,3902
816,XWDVGVVGNFVWPBGIVTQABNASESNBSQSAVHH,3871
817,PPKKKCOOKNNMNNOOOKCFKDKNNNKIMKFPOOK,3973
818,IIIAAGAWADYADACPEIPFACIAEWCCCAEYTCE,3929
819,PPIPIPPPPKXYPIPIIIPPPWTINPPXPSCIPPE,4059
820,JGJFGEEJOJBJEIEXEJJGJIGTMDGGCBJFYJJ,3934
821,WDYEKKQQQKDIQBDXTIIRIYRTOLWYPJAYGOM,3860
822,SESUUUEOUVIGVEODDUVVPOSUHMEVODBYQEA,3891
823,BPBBBVBVVATHLBIHDHHLXPXAHBCHPPHHVHT,3925
824,LUUULQULACUPQAADHIDXULIXLWAOEEKHQQM,3886
825,WWWRKWFKRCRCCRNKKVKWRNYIRRHWWRRWRYW,3967
826,OMORORRRYMMRROOOOTOJGRQJIOGSSMOTNGG,3945
827,XXXELYGLGNLXRLELLSKLYYWOYOMXHIYQVXD,3883
828,DDDNDDHDDKIHUIGHIPUKNTIPFPHKLOINWRF,3895
829,EEEWEEIEFBPEEULAEOEEQLIBKKEKLKJTFAE,3942
830,SPWSSWOWFXWKXFWAWOUPJFXQGAKWWCPSKSH,3893
831,PPXPPPJBPEPPPHPXPPGPPQIIGXNXPPXTTPM,4030
832,GYHINNYGWGJTIGTNQVGIJGYUCUPKKNWHPNM,3880
833,AAUBEURREESRAUTSNMTUBAUSMGEAWEBALLN,3902
834,BIDIFIIBIYDYOYONAYSOONHINVONGNNVYTJ,3901
835,ASIITIIIKKUIKUYKUTCFALISCRPCHGFHDIB,3893
836,RFFVFFPXXFKFKXFKDPLVRKFPKHVHKJDIQKV,3920
837,JCCJIJIXPYJRCPCWXSSCCYTEFESCOBJCTWB,3901
838,QXXSXAXVAGXNXDXEGSSDQHAMNSXXXXXNXKJ,3957
839,QQQQQBQYYRWYYVWWQEQAAKSVQCGYJIADBDH,3902
840,MCMEENEQEMKMBXBXGQXMVEWCEXNMVBXQIXM,3911
841,IIYIGYYYTWYBBIINSINBTETIIIBVWFIASXI,3927
842,YGYIXYJYJYYFDYUYXTHSYGIYYGYTHHXYYII,3976
843,IIUIAIIYYUFVYWUQYGFIQCYWGIYQHIWFAYY,3923
844,VQCGVVQQLCVIVLUDVVADYINFCVXVNTIGMPV,3897
845,QQKQJQBQQQKQKQQQQUJJIFBMRQVUBQIVFCJ,3980
846,SBVPBTPQSVRTPBNTVETSHVHHTSUSPVTSGAK,3895
847,EEEKKKVEKEVVKFEFVVBFSFFEYOKHYXFYKVS,3932
848,TTTCLSJJPJCJMJPDTMLJLMLLPMWPHIXCLPI,3907
849,LLTNPNMNLNYMQLYTCLWSBLTMNCNMSVLLNYO,3917
850,VVWVIVTLLLVLLWSUILLMLCLMVKVMLLLYOMO,3958
851,UVVVPVPPPEVRAEVAAQRPTFVCVRQMBTVVRTV,3940
852,PPNPXPPUPKHKYVPNNMTRRPGPPOPPSPTNSTN,3941
853,IIIGBRPIIBIGAQIIIRTJIQYIXJIPIPBIJIF,3988
854,RRSRMBBENBRRSHNBNORYBBNNYYSBRMBYYEB,3952
855,OODOHNEPOOGOOPUNHKKGMOMNHINPFKHMKSI,3899
856,JDBUWJAWVAGNRWRDBGJGFWAMRGROWMJLYQE,3866
857,YTTQVQTTYNNYLUTTHEUTTJNNSTTTNRUSQUY,3942
858,KKCKOKCOFMYDOPAKOSKKNHFVBHLSOSJYTUO,3879
859,DDLRLMMDXODDXLRHEPXDEMTEXPVMEHMNGBL,3889
860,MHMMYMSEMGMIEBMMHQEEMAROYKCKMAMMMBR,3943
861,QQQNKNQQSQKQQNVNSBCNQXQNNANELBQNRQN,3977
862,AAYLUYAAAAWIATUATRYUGAXIYAYJTDAMATB,3939
863,OVWVWQUEOOQOOQLKWOKOQQKDNXQDBAMDOOB,3910
864,MIIILIJIIIJIQIIIDISIFFFYIIRIIDXIVBX,4039
865,KKKXIYIQIIIQVIAHKKVIIIPRRIIGGVPAGVF,3948
866,QXXUSXXXXXXXGXMDEFXPXAOEEXAVMFKKUNE,3964
867,RVVVVRUVIVVEVVUUERRFRUKROFGLOVWRRVG,3957
868,BBTBJBJTTFTJBBBKDBBJJBUCDDATFABCMPU,3947
869,NNAAFFKAVQAYKSNLMMXLMNSJMYSHMMWRGNN,3883
870,EEEEETMTNNXNNTEGDEILYJJKDEXXXTCVEVS,3912
871,WRRVNRVEMSIRKRMKAWRMXKNQEETWXMTUGIW,3883
872,NNFRDVNNANIFEENIDDFNESYYAUYTINFFFAN,3918
873,JLFJEJSEENOQNQLPCJQCCPJLFWQJJTERNLE,3893
874,BBQBRQQBQBQQFBQQQBXQTQQITXQQBBBITOQ,4054
875,PPUNKPWPHKUYKNIWNMFTIMFUUUPPBRVUTJN,3887
876,PMPMMHMMAXPMVVTVMUAVJVMBMXMTVTGJAYM,3935
877,PPPLPPTLPYCWLHPPLCGYLLPGEYHAJPQLLAG,3942
878,RRCKOXXOUROWGHHBWHYIMIWWEEHHXKWEHUD,3884
879,UBBNIBUNNNNJUNNNTUNIBBSBNNBJRNNBSJU,4022
880,HOUAJGOHLOARUHHMUUOHAHOUXARWWWEWXAJ,3914
881,XXCXXIONGKIRRXOCXRRXXXAYCXHJKXCXAIX,3965
882,WWLLACLOACCOLCCMOOLLCAOWACFAOUMILWE,3934
883,YYGYGBWAYXAGNTYNYYFOCORYBXYNYBYCCQA,3923
884,FHFCFFLCIFTTFHECLFFUTLHFYIULFHWLNQU,3922
885,URUUUNYDNMUMMGNUNVNMUMUNMUAUNGMVIYT,3956
886,NNCUNEUBNHUUINHBMBMWUHQADBRWJRNLKBM,3881
887,TTUTWJGOJUTGJGBUUJYNCNUGGBMTGYGGBJT,3925
888,SISOSOSGLEKIGLGFLWGEIFIISGEYCFQNENF,3901
889,QDXQXPQXHHYEXRDQRXNXYCURQULQXFSXSLD,3896
890,LCCYYJTDYQGOLJHOCMAJMAWSAQQSYASQHAE,3875
891,NNNNUHYNHHCHHQLHIEENIQNONHUUHOYDEXQ,3923
892,WWWCWVWLWWHRSWCWPIVDVYWHWLCXWSSWCCV,3957
893,QQXQXHXXTABIHXEIQXPPBXQPQVQXIPIXDDC,3925
894,FPPPGPGPGKKGPIJPXWXXPREPPCPGPPORXCW,3962
895,QPWPRIXWXWSPPQFPEPRFEEOFAPYWBOFAWWO,3902
896,QQQQQQQSQVVQGQQXQOMTMGXBQQBNJGHXJVV,3996
897,WHPHJBWBJHHLHWXGCJJGHHTIHJVJQIHWHQO,3918
898,CCCCCDCDDICCYCICKVXCCDXCRVCIVHXDJVR,3995
899,RRRRRDXXRGFXBBAXPPXSXGCBIXXXBCOFFIS,3929
900,VVFVVPXXUKVPXPTHPJRFATVXLVUXDPKBPXB,3902
901,OOOOQSSOSQJVJSDHSSOSVHOQOOHOYPOPQOP,3976
902,OOOOOOOOROOOHYOOAOAARRQJOOCDVYKWAHY,4058
903,NNNHKNJXCTNXKRUXNOXWLNXJNKXBGNNYEUO,3901
904,OAAVIDPGUITVDAISDYKQIAAKXHVQITTTAUK,3886
905,VVDXJYYYVVUVYVPCCVHVXIEVQVDPXQTXHYD,3916
906,XAXAXXQXXXAAXGGGXXMBXKXXXAAXKKXDXSJ,4043
907,JYJHPHHNEQUJJBOSBNAPUUDJHUPVOOCNDOI,3870
908,HBHXTMIXHUNIAUPICBXUPNRFHNURXEPBPHU,3883
909,BQBBSGWQTNBWNQQWNBQQAAWWLWWUBWWQBGN,3951
910,RRVVYVVYORCORRFRRRRBKRFSMILSCIIIFBV,3942
911,CPQPVQPHPDQQWQPVCGQJWMTJPQQMJENNPCP,3921
912,BBHHBHBHLJAHHHCXFFACSMIBNBIDHNHWANH,3920
913,AWWXXRLWBRUBFWGGSGRNIUXNDLXCWGSBYNR,3877
914,YYMYYCCYYWYYCXXTBYBWUWYYUWCYQQVGQAA,3951
915,JIXJYJRNWNAAJPBNPFJNDNLAHAAJEJOFFNX,3884
916,WWWWWROGQGSGOXOOFFWFFSFFCGFPUWGYWLS,3919
917,IINLHUIQQNFHNKIHGHQFUUHHQYIGSDUEUHG,3898
918,IIIIAEIRROWVIIBODIKQPIDEWVPDBKTOITY,3915
919,NDNQNPHHNQOGOSGSJHUVNVYNJNTSUNVBTVK,3889
920,YYJYJIJJRTBTEACLJFXYHJBLTKLEFBBSBUY,3874
921,OJXNOKMGGAOMMGGUMWMOHNUWQOGMBGWSMUA,3892
922,SRGRWENWGRGGGLGCCHHRNCLGEHLMCWYYSWQ,3904
923,NWWWLWLBUYWVOFVWYOWWWWUWWUWVSKBLBVV,3974
924,KKKKVKSKJKWPKKKKPKYYKKSSVMKVKVPWKWK,4064
925,WWWWVVPWWVVTMMJVJWPWMHTXHPWPWWMGDMT,3965
926,WWWAWNOWWSWWOHOKXPHNOXNGAXUOXWCFUFJ,3910
927,VVLWWCYYVCCWBVYMMOQJWJDFJJSFYFDCLTS,3875
928,YYHHWYOWYOJGNHYKSKOYHFHLYHHHHCIXKKH,3928
929,JCCCFKGTTWGPJKWCGCQTCCQCCDGYHMWDLBT,3900
930,PPBPHPVPBEPVMPPVPEHOVDEPGPOUXUPSCBU,3935
931,AAAAAAAAAAMVCAAAAMNYAYHYACKAAHABAUA,4190
932,JFECHPKCEHJSJCHJCLPFJTPCNHSCYLYLPOU,3896
933,PHMPCPHBJHMHHVGJRESHGVMNAPPXSTTTHRX,3888
934,PLMWMLMTNMNMMRQQXRGWLLVRKRWMPLTMRNN,3913
935,LTTQCTNSLEBEPIJINTLNLMLEJINBEMBNNIT,3902
936,XXXMSSMCOMMSSMTMMCMMXMLABLJBMLMKXLD,3953
937,CCCMIMDPIIDDOJCSHVIPSWMILMKAMIIBMAK,3893
938,SSSKXXQOXXVQSSSXKNVSSPXXNXVSXXXCSQO,3995
939,LLTQLFLLNWOTPTLFCNTTTLLNTPFFWBFTPFN,3951
940,NEEELNJJNNNJLTFBLEINJOJEIIKYXOLOVJB,3902
941,QENQEABUQASPXSQUNEUAXWEYMLIWUXXDHGF,3860
942,CCYCYPRCYCCXBCKYTCCCCDEXCYXXGIBBEYY,3959
943,KVTXTHTXTTTUVQXQTQMAFHATHAAQJXTPKTT,3936
944,SVJSSOORJJSVSSYRYYYSSSECSGSSBWSKSSW,3984
945,IOODAIIFIFLFOOFOIAEQDCOMUISAFIVPGIM,3898
946,BRRBRBBTBKINXBTHBHBBWLBHITFRGFDXDFX,3919
947,RDDRRNNRDNRJNQGNJNNDDDNHGDFANAGAYNJ,3948
948,IIIIUIUNIUVITUIICUMVBNUCUHCKEBOICIX,3945
949,DVLVPVLLJVVVVJEKVVTAPVKDCJVDKTMLGOL,3931
950,OOYEOUYYFOOVJOOIOKOKOBEOUPBMEKKWLOY,3935
951,DOUDUDDHHONQUDDRDDNUOIDROUUXRUXJRJU,3943
952,XXXKJRRXXRRFWIFQSSWMXCAFJOODVVWQSHB,3877
953,JJIDFUSJDDDJDOJGYIDDVIFIWDDJJUPVADY,3934
954,QQQQQTOQQYTQROTEEQOVOOBOYECRDOOBFRM,3939
955,QQORJVRJTJSXQXRUCMBNUSJMFRRRONRNVWQ,3884
956,JSRRTRTRSSSBUUUUEBRUUDBXSWJTMHBUBXP,3918
957,BBUUYGUMKUBYAMYBBUHUUBIYRGMIVIIIBUA,3927
958,TTNOGODGFAGTDSBATQPGWATNRGORQRRJJLD,3881
959,VVVQGVQQQPVROQIWFQGEAPKVGHQKFVGTWDR,3900
960,JUJURNLUXJBJJDRUUOJRJKUJBEEJUXMRMFH,3915
961,WAEESVSSTSOKHHOOBPSSVTSESTEAASVBAVI,3919
962,UUMMXEMXUXUMGMLUVIIXUUUUSIQTRTXMUEX,3938
963,QQEQAQYNQEQEQFQQFQXCXEUDWOQYALQGGQU,3945
964,DDDDDDCDKKXXDDDKDXHPOQCDVXXGYHXXDXX,4014
965,PPPPQPTQPPWPPPPFYDOQPWPXQEPPQXIXYSP,4023
966,SXWFFOEBXFNYIFNERFVFRRFINYXNEYRSEXO,3903
967,EQQEEEFEKJJKQEEEYQYMXUBEEJUGJQGYEKM,3942
968,EEELESOXUUUULLJLUNNLJKELECPCLXUEEDS,3933
969,TTTGGGGDTQOTOTVKMSYGXUGYYTWAWOTSGMG,3914
970,DDVDDKDKRDCRCYKBEVDQKCUKCYKEDYDNTDB,3929
971,YRSYYYRRRYBYYYDVBYILLCYEEATBRVOKYOQ,3923
972,QNLFAENSAEFEMEQUGFNQNSGJSOOWDOSMFFF,3891
973,FFCFQCFQCQNFLCCCGPTAYYAXNMQYDYARHRB,3886
974,XXXXXXKKWXWXHPKPAFXVKXWXUKAFUWAKPKS,3973
975,VWWWWWWKKWPKWKYPKWOVWKYHHKWKWWWKXWC,4066
976,MIMMMMMMIGMQXSUMUGMMOTNMMUGXJMMMMCD,4051
977,PPPPPPPPEPJDPXAPPDJPPPCJPPLFQFEGFLP,4087
978,WWWWWEIIMSHWNWMWRTWVDWNVQMHMWLYMQDY,3929
979,WMWMQQVBWXPWYYBWWWCWUPVWBGQUIWTNDYU,3901
980,HEEBKEKEEEFTSHQLEESWJEVUTQUSTWSBLET,3920
981,DQOKQQVKVIVUDVLHQOQDHQFXHUDIHDIOXLU,3905
982,UUMMMUUTMTENLWTOPUEVTNBGWWATTPSOVAP,3886
983,BGQRQGBBQKBOHQHOPREHOHIHULOCYOCOQOD,3890
984,HYHSHHQQPETHQHKDYYDQQJQQDNHDXHNPQQL,3921
985,EEEEEEECEQGIEEENEEEELGEQMEDEEDMNEEE,4206
986,BRRXURRHCGHCRGJCRWLETRYAMWJXLRJARMV,3893
987,KKKIKKUBBKKGKUSUQKKKYSRDKJAUKAAKJKY,3986
988,FFFFFBPBFLFFOBHBNFPLTIXPORCEHLNJILP,3912
989,IVIVNIVPIXIVPVXJIGVIVAKPIKJMDIIIKFB,3947
990,CJJNQIJYQOIINJJIYOEJGSEIRJFJJDESDGD,3904
991,LLLTLLRJJLJSLLLOPOLLWLKPGPLXLIYJJJP,3969
992,LLJPLCCTPQRIPCUESEPPLPEEHXPXENULPMR,3890
993,KKMMMCBBKMUBBMAMMAMIUKKOQTBGYRKBHMG,3920
994,NFYYFFONRFFYNNOMNFMEUDGFUQYRYANWANU,3907
995,VDDDSVSMVDDHQSVVXMUIPMPVXVVKDDRHDQS,3933
996,EQQEQVQBPVNPJGMVRTVVKTVUXKTDDCQPSMR,3875
997,EEKEVEXEFIGVKSEDLEEJEBWTFXSSDJVFDTK,3893
998,FFGGGFFNFMMJJFDHMJNMXGFHHFKSMHRNLAX,3903
999,OYOYYOEYITITRAAXUHARYGAUIKATUPRYBWV,3881

N,Number of runs,Min,Max,Average
35,1000,3859,4245,3934.76
